query,title,link,blogger,bloggerlink,postdate,description,likes,comments,engagement
립스틱 후기,프라다 뷰티 더현대서울 1층 화장품 립스틱 후기,https://blog.naver.com/realbloom/223645407315,"직장인의 장래희망,",blog.naver.com/realbloom,20241103,"보고 립스틱 케이스가 너무 예뻐서 1층에 있던 부티크 매장에 화장품은 없냐고 물어보니 금시 초문의... 립스틱처럼 케이스는 다회용 ! 향수 종류도 다양~ 남성형, 여성형 있어요 신규 가입시 제공하는 향수... ",0,4,4
립스틱 후기,서면 퍼스널컬러 진단 인생 립스틱 찾은 후기,https://blog.naver.com/gjhomecare/223939459394,남씨가족 이야기,blog.naver.com/gjhomecare,20250719,"서면 퍼스널컬러 진단 인생 립스틱 찾은 후기 20살 돼서 대학 들어왔는데… 내 친구들은 다들 왜케 예쁜지,, 대학생 되면 다들 예뻐진다고 했는데 오히려 대학교가서 자존감 박살났다 ㅠㅠ 고등학교 땐 다... ",0,0,0
립스틱 후기,각질 부각 없는 립스틱 무자극인증 NO타르 네츄럴샤인 건성 후기,https://blog.naver.com/soravan/223669975191,왜가리의 리뷰 둥지,blog.naver.com/soravan,20241122,그래서 립스틱에 대해서도 기대가 컸는데 드디어어어 써봤습니다 그 결과 오늘 포스팅할께요. 임신... 이웃님들의 입술 이제 자연으로 아름답게 가꿔보세요. 네츄럴샤인 럭스 트리플 큐어 립스틱 후기였습니다.,0,4,4
립스틱 후기,KT&amp;G 상상마당 대치아트홀: 연극 &lt;분홍립스틱&gt; 후기_측은지심의... ,https://blog.naver.com/siono/223843139952,위풍당당 삐삐샘,blog.naver.com/siono,20250422,-문예친 민쌤 후기_연극을 보고 나서 삼성역 가는 길에 연극 &lt;분홍립스틱&gt; 포토존이다. 대략 오후 6시 40분 무렵이라 로비는 아주 한산했다. 매표소는 한 시간 전부터 운영한다. KT&amp;G 상상마당 20주년 기념... ,0,2,2
립스틱 후기,선물하기 프라다 모노크롬 립스틱 R126 스칼라토 실물 발색 후기,https://blog.naver.com/fiesta7272/223966272637,뚜벅이 배낭여행자를 위한 파워TJ의 내돈내산 후기,blog.naver.com/fiesta7272,20250811,늘 여행과 맛집 포스팅 위주로 글을 올리다가 오랜만에 립스틱 후기를 올립니다 왜 뜬금없이 립스틱... 뷰티 립스틱 발색 후기가 거의 없었기 때문에 제 속이 터져서요.. 뷰티 인플루언서 분의 발색 샷이 몇 개... ,0,0,0
립스틱 후기,[내돈내산] 에스쁘아 바밍 글로우 립스틱 후기 : 베리코어/뉴로즈,https://blog.naver.com/zziny57/223358451731,희동이의 소소한 이야기,blog.naver.com/zziny57,20240219,★마지막 정리★ 노웨어 립스틱 바밍 글로우 구매해서 직접 사용해본 후기를 정리하자면 글로시한 립스틱인데 착색이 있어서 지워져도 입술색이랑 어우러져서 좀 남아있음 글로시한 립은 바를 땐 예쁠 땐 컵에... ,0,6,6
립스틱 후기,샤넬 립스틱 130 블라썸 여쿨 라이트 자연광 입술 발색후기,https://blog.naver.com/wkenejrgn/223484316502,"나의 자두빛인생 : 뷰티 , 일상로그",blog.naver.com/wkenejrgn,20240619,안농하새요 오늘은 #내돈내산 샤넬 립스틱 후기 사실 내돈산이라기보다는...... 어머니가 주셨기... 오늘 후기는 여기서 마치겠습니당 ++ 디오메르 선크림은 공홈에서 샀구 샤넬 립스틱은 엄마한테 선물... ,0,1,1
립스틱 후기,프라다 모노크롬 하이퍼매트 라끄핑크 립스틱 후기,https://blog.naver.com/fattyratpigeon/223961382077,하이앤드탐방돼지설치류,blog.naver.com/fattyratpigeon,20250806,"오늘은 프라다 모노크롬 하이퍼 매트 #라끄핑크 립스틱 내돈내산 후기를 가져왔어용! 그동안 립스틱은 그냥 바비브라운이나 MAC, 혹은 드럭스토어에서 대충 집히는 거 아무거나 쓰는 편이었는데요, 요즘 계속... ",0,55,55
립스틱 후기,싼) 샤넬 립앤치크밤 2호 헬시핑크 웜톤 블러셔 &amp; 립스틱 후기,https://blog.naver.com/borareview/223770032662,쪼의 리뷰박스,blog.naver.com/borareview,20250222,"맥 립스틱 하나에 3.5g에 39,000원이니 샤넬은 6.5g이니 '맥 립스틱 두 개 분량을 이 가격에?' 하는 생각이 들었답니다.. 물론 '샤넬'이라는 브랜드 가치를 생각하면 충분히 납득이 되는 가격이긴 해요! 헬시핑크... ",0,5,5
립스틱 후기,립스틱 추천 정샘물 뉴클래식 글레이즈 이효리 립스틱 후기,https://blog.naver.com/eunbyeol11/223404885421,반짝벼리별,blog.naver.com/eunbyeol11,20240403,"글로우 립스틱인데요. 총 여섯가지 컬러가 출시되었는데, 오늘은 메인 컬러를 포함한 3종 후기를 보여드리려고 해요. 나머지 3가지 컬러는 4월 중 출시된다고 합니다! 정샘물 모델이 이효리라는 것은 제가... ",0,5,5
립스틱 후기,연극 분홍립스틱 가족 데이트 후기 지연 입장,https://blog.naver.com/shorty_/223826270595,팡예지,blog.naver.com/shorty_,20250409,오늘의 공연은 연극 분홍립스틱 가족 데이트 후기 지연 입장입니다. 오늘은 정말 재밌는 연극을 보고... 시선 처리도 그렇고 많이 배우고 갑니다 : ) 가족 연극 분홍립스틱 후기 짠! 끝나고 정찬 배우님과 투 샷!... ,0,2,2
립스틱 후기,"에스티 로더 더블웨어, 울트라 슬림 매트 립스틱 후기... ",https://blog.naver.com/hanstar_94/223526604268,별밤 life,blog.naver.com/hanstar_94,20240726,"울트라슬림매트립스틱이에요! 더블웨어 스테이-인-플레이스 메이크업 SPF10/PA++ / 30ml / 91,000원대 우선... 직접 방문해서 사용해보세요~~ 에스티 로더로부터 제품 및 원고료를 지원받아 작성한 후기입니다",0,4,4
립스틱 후기,"디올 립스틱 조합 추천 어딕트 립 틴트, 맥시마이저 후기",https://blog.naver.com/euimok/223478615482,한이의 뷰티라운지♥,blog.naver.com/euimok,20240613,한이 인사드려요 :) 오늘은 저번에 후기를 남겼던 디올 팝업에서 구매한 립스틱 후기를 준비했답니다... 디올 립스틱 꿀조합 후기를 자세히 남겨볼게요 ! GOGO 일단 립 제품들 3종을 구입했고 파우치와 향수... ,0,3,3
립스틱 후기,다쓴 립스틱 숨은 1인치 찾기... 겔랑 키스키스 립밤 후기,https://blog.naver.com/gjskrj/223892623372,아쿠아블로그:소소하고도 화려한이야기,blog.naver.com/gjskrj,20250612,다쓴 립스틱 후기들 보면 속케이스의 돌돌 올렸다 내렸다 하는 위에 슬쩍 올린 상태에서 그냥 그대로... *** 내돈내산 #다쓴립스틱끝까지쓰는방법 #립밥끝까지쓰는방법 후기입니다. 제 글이 도움되셨다면 공감... ,0,0,0
립스틱 후기,케이트 립몬스터 라스트보스 쿠팡 촉촉한 립스틱 후기,https://blog.naver.com/fiat710/223725728742,여름의 보라 Beauty Diary,blog.naver.com/fiat710,20250114,"립몬스터 립스틱 후기랍니다. 과연 컬러나 텍스처는 어떨지, 지금 바로 보여드릴게요! 케이트 립몬스터 07 라스트보스 쿠팡 뷰티 꿀템이었나, 여하튼 그런 숏츠에서 발견한 케이트의 립몬스터 립스틱입니다.... ",0,14,14
립스틱 후기,[립스틱 추천] YNM 크림 매트 립스틱 후기,https://blog.naver.com/seven2181/223875653550,아기상어 뚜뚜루 일상,blog.naver.com/seven2181,20250523,YNM 크림 매트 립스틱 로즈베이지 컬러는 첫인상부터 남달랐다. 립스틱을 처음 받았을 때 가장 먼저 눈에 들어온 것은 독특한 케이스 디자인이었다. 각진 듯하면서도 부드러운 곡선으로 마무리된 외관은 손에... ,0,4,4
립스틱 후기,"화장품 면세쇼핑 어플 지쿠로 2,900원에 득템한 맥립스틱 후기",https://blog.naver.com/bellys82/223465172184,나우인뷰티,blog.naver.com/bellys82,20240601,"화장품 면세쇼핑 어플 지쿠로, 2,900원에 득템한 맥립스틱 후기 맥 미니 립스틱 파우더키스 미라큘러스 후기 제품정보 품명 : 립스 바이 더 더슨 파우더 키스 미니 컬러 : 미라큘러스 금액 : 2,800원 구입처 : 어플... ",0,3,3
립스틱 후기,연극 분홍립스틱 관람후기 가족공연 추천! KT&amp;G 상상마당... ,https://blog.naver.com/fds6051/223840208983,옥냥의 육아 한스푼,blog.naver.com/fds6051,20250420,"연극 분홍립스틱 가족공연 후기를 작성하면서 오늘 엄마와 함께한 하루를 다시 떠올려보게 돼요. 아이 넷을 키우는 바쁜 일상 속에서, 나의 엄마와 함께한 100분은 정말 값진 시간이었어요. 엄마의 손을 꼭 잡고... ",0,10,10
립스틱 후기,연극 분홍립스틱 후기 KT&amp;G 상상마당 대치아트홀 가족공연 추천,https://blog.naver.com/vincent2gogh/223828122242,문화를좋아하는여자,blog.naver.com/vincent2gogh,20250410,커튼콜 사진 촬영 가능 저는 마지막에 조심스럽게 공손히 모시고 들어가는 모습이 정말 좋았어요. 연극 분홍립스틱 후기 끝~ #분홍립스틱 #연극분홍립스틱 #KT&amp;G상상마당대치아트홀 #컬처블룸 #컬처블룸리뷰단,0,3,3
립스틱 후기,에르메스 립스틱 40호! 일본 나고야 구매후기!(국내보다 저렴),https://blog.naver.com/im_lsj/223528957648,별의 별 이야기,blog.naver.com/im_lsj,20240729,에르메스 립스틱은 리필이 가능하다고(?) 해서 비싼게 아니야...ㅋㅋㅋㅋㅋㅋ 하면서 일본 나고야... 리필이 되는 구조라서 해서 다 쓰면 국내백화점에서 추가구매해볼까 생각중 ㅎㅎㅎ 에르메스 립스틱 후기 끝... ,0,2,2
립스틱 후기,"G 섀도우, 메테오리트 펄파우더, 루즈 G 립스틱 메이크업 후기",https://blog.naver.com/hwanghwoo/223961548773,뷰티패션블로거 귀톨이,blog.naver.com/hwanghwoo,20250806,"송버드, 피닉스, 피콕 이 세 마리의 새를 모티프로 한 커스터마이징 립스틱 케이스와 함께 겔랑의 대표... 겔랑 루즈 G 루즈 G 케이스 49,000원 루즈 G 리필 3.5g / 52,000원 립스틱 케이스 디자인이 정말 예술 그... ",0,2,2
립스틱 후기,"케이트 립몬스터 3개 샀는데.. 립스틱 착색력, 발색 후기",https://blog.naver.com/borareview/223907628394,쪼의 리뷰박스,blog.naver.com/borareview,20250622,"최근에 츠키가 추천한 '안 지워지는 립스틱' 아니 이걸 보는데 어떻게 안 사요(^^) 그래서 바로... 저처럼 잘 지워진다, 착색이 거의 안 된다는 후기가 상당히 많긴 했습니다.. 제가 보기에는 컬러가 쨍한... ",0,13,13
립스틱 후기,연극 추천 분홍립스틱 엄마랑 함께 효도공연 관람 후기,https://blog.naver.com/qhqoju/223827290310,지구여행 다니며 보배찾기,blog.naver.com/qhqoju,20250409,"연극 &lt;분홍립스틱&gt; 관람 후기 대망의 엄마와 데이트 날  삼성역 근처에 공연장이 있어서 먼저, 코엑스에 들려 저녁식사를 맛있게 하고 둘러보며 쇼핑하다가 가니까 저녁 8시 공연으로 시간대가 딱 좋았어요... ",0,7,7
립스틱 후기,일본직구쇼핑몰 오사카맨 오리히로 곤약젤리 치후레 립스틱 후기,https://blog.naver.com/todrlclfm97/223723762811,평범한듯 특별한 우리,blog.naver.com/todrlclfm97,20250112,일본직구쇼핑몰 오사카맨 오리히로 곤약젤리 치후레 립스틱 후기 주기적으로 일본직구쇼핑몰에서... 치후레 립스틱 s136 6. 세잔느 하이라이터 04핑크쉘 7.케프 헤어 스프레이 여러가지 제품이 눈에 들어왔지만... ,0,2,2
립스틱 후기,"연극추천, 분홍립스틱 연극 관람후기",https://blog.naver.com/fabulous89/223854614232,청춘은진행중,blog.naver.com/fabulous89,20250503,보았던 #분홍립스틱연극 일정이 맞아서 관람을 했는데 연극이라는 장르자체도 매력적이지만 이 연극 정말 추천 너무나 만족스러운 시간을 만들어주었던 분홍립스틱 후기 꼬우 ✔️공연시간100분 ✔️관람등급... ,0,2,2
립스틱 후기,완벽한 MLBB 컬러! MAC 립스틱 832 크림컵 2번째 재구매 후기,https://blog.naver.com/he10081/223913001863,우 아 한 생 활,blog.naver.com/he10081,20250626,사용 후기 발색과 지속력 - 한 번 발라도 충분한 발색력: 얇게 발라도 예쁜 컬러가 나타나요.... 재구매템 #뷰티리뷰 #립스틱후기 #MAC크림컵 #10대립스틱 #학생립스틱 #사랑스러운컬러 #딸픽립스틱 #내돈산립스틱,0,0,0
립스틱 후기,연극 분홍립스틱 관람 후기,https://blog.naver.com/mycom8335/223828725002,기업 통신 1661-7515,blog.naver.com/mycom8335,20250410,연극 분홍립스틱 관람 후기입니다 공연 장소는 강남 KT&amp;G 3층 공연은 2025년 4월 4일부터 시작되었으며 5월 11일까지 예정이라고 합니다 원래 4월 4일 공연 전에 프레스콜을 하기로 했는데 윤석열 탄핵 선고일이다... ,0,18,18
립스틱 후기,분홍립스틱 출연진 기본정보 KT&amp;G 상상마당 대치아트홀 후기,https://blog.naver.com/eokdoul/223837300750,역마살 마케터 억도울의 여행컬쳐모음집(zip),blog.naver.com/eokdoul,20250417,연극 분홍립스틱 후기 출연진 기본정보 KT&amp;G 상상마당 대치아트홀 안녕하세요 오늘은 우연한 기회로... (진짜 연기를 너무 잘하셨음) 본격적인 후기에 앞서 연극 분홍립스틱 출연진 등 기본 정보부터 공연장인... ,0,2,2
립스틱 후기,프라다 모노크롬 R128 그라나토 립스틱 후기,https://blog.naver.com/gaaaaaaasil/223916433050,아무말 맞는말 대행진,blog.naver.com/gaaaaaaasil,20250630,"생일선물로 받은 프라다 립스틱 매년 립제품을 선물해주는 친구가 있는데, 전에는 디올 립밤, 올해는 프라다 립스틱을 선물해줬다. 항상 내 피부 톤에 맞는 색상으로 골라서 카톡 선물하기로 보내주는 덕에 내가... ",0,4,4
립스틱 후기,톰포드 립스틱 슬림 립 컬러 샤인 &amp; 립 블러시 립밤 후기,https://blog.naver.com/k_159500/223374240127,치즈초콜릿 블로그,blog.naver.com/k_159500,20240305,봄에 딱 어울리는 컬러와 시크한 패키지가 매력적인 톰포드 립스틱 봄맞이 기분전환하기 딱인 듯해요! 톰포드 뷰티로부터 제품을 제공받았으나 리뷰 의무는 없는 자유로운 후기임을 명시합니다.,0,1,1
립스틱 후기,페더 컬렉션 루즈 G 옹브르 G 메테오리트 립스틱 아이섀도우 후기,https://blog.naver.com/kmgun0304/223961743738,멕이의 블로그,blog.naver.com/kmgun0304,20250807,"립스틱, 아이섀도우, 펄파우더 세 가지 라인업으로 데려왔답니다 :)  루즈 G 립스틱 &amp; 리미티드 케이스 내가 데려온 컬러: 139 라이트 누드 / 530 인텐스 로즈 우드 / 555 브릭 레드 케이스: 송버드 / 피닉스 / 피콕 립... ",0,3,3
립스틱 후기,쓰리씨이 블러 매트 립스틱 인더포그/로지니스 컬러. 간단후기,https://blog.naver.com/choco3181/223197630347,ఇఇఇ,blog.naver.com/choco3181,20230830,크림매트 립스틱과 쓰리씨이 립스틱 후기를 기록겸 남긴다 초슬림 각진 디자인에 상당히 좁고 얄쌍한 스타일로 나온 에스쁘아 더슬릭 크림매트 포지 / 이브 디자인에 있어서는 호불호 갈릴만하고 얇으니... ,0,2,2
립스틱 후기,샤넬 루쥬 알뤼르 벨벳 립스틱 48 / 1년 사용후기,https://blog.naver.com/wiznet7982/223936738813,기업통신전문 [기업인터넷/전화/랜공사/보안],blog.naver.com/wiznet7982,20250721,안녕하세요 잇님들 저는 틴트 보단 립스틱을 선호하는 편인데 제가 자주 애용하고 몇년전부터 사용 했던 립스틱 #샤넬립스틱 후기 남겨 볼게요! 루쥬 알뤼르 벨벳 립스틱은 꾸준하게 써온 제품인데 매트 타입... ,0,0,0
립스틱 후기,"퍼시몬 내돈내산 후기 : 촉촉한 립스틱 추천, 세레나데 틴트",https://blog.naver.com/yoimm/223601785519,YOMILOG,blog.naver.com/yoimm,20241001,"에스쁘아 노웨어 립스틱 바밍 글로우 뉴로즈, 퍼시몬 내돈내산 후기 : 촉촉한 립스틱 추천, 세레나데 틴트 올영세일때 구매했던 에스쁘아 바밍글로우 립스틱 후기도 슬쩍 올려봅니다♀️ 사실 처음에... ",0,1,1
립스틱 후기,가을 글로시 메이크업 안나수이 클래식 루즈 더레드 립스틱 후기,https://blog.naver.com/tonyforlife/223608861329,리지와 함께 뷰티리셔스,blog.naver.com/tonyforlife,20241006,"안나수이 클래식 루즈 더레드 립스틱 글로시 메이크업 가을 환절기가 되면 스킨케어 뿐만 아니라... 더레드 립스틱이 있다고 해서 트루레드, 플럼레드, 로즈레드 컬러까지 3가지 컬러를 모두 발색해봤는데요.... ",0,1,1
립스틱 후기,연극 분홍립스틱 후기 | 강남 KT&amp;G 상상마당 대치아트홀 | 가족... ,https://blog.naver.com/black_stones/223823980509,무(無)공간,blog.naver.com/black_stones,20250406,05 연극 분홍립스틱 후기 강남 KT&amp;G 상상마당 대치아트홀 | 가족 관람 추천 분홍립스틱 장르 연극 장소 KT&amp;G 상상마당 대치아트홀 기간 2025.04.04. ~ 05.11 감사한 기회로 연극 &lt;분홍립스틱&gt;을 관람할 수 있게 되었다... ,0,6,6
립스틱 후기,가족공연 연극 분홍립스틱 관람후기 KT&amp;G 상상마당 대치아트홀... ,https://blog.naver.com/mamon08/223827721333,레비올라의 play ground,blog.naver.com/mamon08,20250409,"&quot;본 후기는 해당 업체로부터 초대권을 지원받아, 직접 경험 후 작성하였습니다&quot; 가족공연 연극 분홍립스틱 관람후기 KT&amp;G 상상마당 대치아트홀 효도공연추천 안녕하세요~ 레비올라예요. 지난 주말 시어머니와... ",0,1,1
립스틱 후기,2024 루즈 디올 립스틱 신제품 사틴 &amp; 벨벳 피니쉬 발색 후기,https://blog.naver.com/ik0726/223317141224,민슨의 뷰티 tmi,blog.naver.com/ik0726,20240109,"본 포스팅은 '디올 뷰티'로부터 제품과 소정의 원고료를 제공받은 후, 솔직하게 작성된 제품 후기입니... NEW 루즈 디올 사틴 립스틱과 벨벳 피니쉬 립스틱 후기와 제형부터 케이스까지 꼼꼼하게 준비를... ",0,3,3
립스틱 후기,"샤넬 루쥬 코코 플래쉬 825 비쥬, 고윤정 립스틱 후기",https://blog.naver.com/darlene226/223954108853,Easy on Me,blog.naver.com/darlene226,20250731,"샤넬 루쥬 코코 플래쉬 #825 비쥬 고윤정 립스틱 구매 후기 짜란 지난 번 치앙마이 출국 면세 때 구입에 실패한 비쥬 립스틱을 결국 손에 넣었당 ㅎㅎ 립스틱이 너무 많아서 쓰던 걸 쓰기에도 바쁜데, 색상이 너무... ",0,0,0
립스틱 후기,맥 레드립스틱 후기 MAC 691 루비 우 쿨톤에 추천,https://blog.naver.com/totorohair/223890802102,리리울 뷰티,blog.naver.com/totorohair,20250606,"맥 레드립스틱 MAC 691 여름이 다가오면 화사한 메이크업이 더 손이 가죠. 그중에서도 레드립은 쿨톤 피부를 더 밝고 생기 있게 보이게 해주는 아이템이에요. 최근에 사용해 본 제품이 바로 MAC 레드립스틱, 맥 691... ",0,1,1
립스틱 후기,촉촉한 글로우립 샬랑 드 파리 오뜨 쥬얼 샤인 립스틱 사용후기,https://blog.naver.com/dudfks1909/223915583037,T와 함께하는 유쾌한 일상이야기,blog.naver.com/dudfks1909,20250629,샤인 립스틱 요즘 티플이 꽂힌 아이템 ~ 샬랑드파리 글로우 컬러밤인데요! 처음에 별 기대 안하고... 촉촉한 글로우 컬러 찾고 계신다면 샬량드파리 오일광 가득한 오뜨 쥬얼 샤인 립스틱 사용해보세요:),0,22,22
립스틱 후기,립 추천 헤라 신상 루즈클래시 데즐오렌지 립스틱 후기,https://blog.naver.com/mjkim7139/223907237315,"아모레 롤모델 쌍디엄마, 긍정으로 성장하는 공간",blog.naver.com/mjkim7139,20250622,"여름라이트 립 추천 헤라 신상 루즈클래시 데즐오렌지 립스틱 후기 ✔️ 퍼스널컬러 여름라이트, 립... A:LINE X HERA 공식 협업 립스틱 체험 후기 이 제품은 아모레퍼시픽 공식 파트너 팀 A:LINE(에이라인)이 헤라... ",0,9,9
립스틱 후기,안묻어나는 가을 립스틱 추천 맥 락드 키스 24아워 립스틱 후기,https://blog.naver.com/arafatare/223230627701,Diana Beauty ෆ Fashion,blog.naver.com/arafatare,20231007,"MAC 맥 락드 키스 24아워 립스틱 9종 발색 후기 준비했어요. 맥 립스틱 하면 지속력, 부드러운 발림성, 가벼움까지 두말 필요 없죠 : ). 오늘은 가을에 바르기 좋은, 흔적을 남기지 않는 키스, #키스프루프 매트의... ",0,21,21
립스틱 후기,컬렉션 립스 바이 더 더즌 미니 파우더 키스 립스틱 후기,https://blog.naver.com/mulmuls_othilia/223264951705,물물이단 젤리노트,blog.naver.com/mulmuls_othilia,20231114,"오늘은 내돈내산, 아니 아빠돈내산(ㅋㅋㅋ) 맥 2023 홀리데이 컬렉션 립스 바이 더 더즌 미니 파우더키스 립스틱 후기를 가져왔어요. 맥 립스 바이 더 더즌 미니 파우더 키스 립스틱 1.5g X 12 / 맥 2023 홀리데이 곧... ",0,0,0
립스틱 후기,샬랑 드 파리 오뜨 쥬얼 샤인 립스틱 백화점 글로우립 후기,https://blog.naver.com/inging0630/223912148393,마음을 채워주세요,blog.naver.com/inging0630,20250626,샬랑 드 파리 오뜨 쥬얼 샤인 립스틱 백화점 글로우립 후기 안녕하세요 린지입니다 :) 이번에 한 번의... 샤인 립스틱 샬랑드파리백화점 신상립스틱 후기 마칩니다 :) #오뜨쥬얼샤인립스틱 #오뜨... ,0,1,1
립스틱 후기,바르는 순간 핑크빛으로 변하는 나틴다 매직 타투립스틱 후기,https://blog.naver.com/dahee9761/223957325065,berry._.97,blog.naver.com/dahee9761,20250803,"발견해서 후기 남기러 왔어요! 바로 나틴다 매직 타투립스틱이에요. 택배를 받고 상자를 열었을 때, 제일 먼저 든 생각이었어요. 핑크색 케이스부터 힙한 느낌이 뿜뿜! 근데 뚜껑을... ",0,4,4
립스틱 후기,구찌 루즈 드 보떼 브리앙 명품 립스틱 선물받은 후기,https://blog.naver.com/eunjung5592/223949292986,다채로운 기록,blog.naver.com/eunjung5592,20250728,"이번에 동생에게 선물받은 구찌 립스틱 후기에요. 구찌 루즈 드 보떼 브리앙 217 Valeria Rose는 클래식한 소프트 핑크 톤의 하이브리드 립스틱으로, 약간 립밤 스타일인데요. sheer와 satin의 중간 질감을... ",0,0,0
립스틱 후기,"7가지, 언제 꺼내도 빛나는 샤넬 립스틱 리얼 후기",https://blog.naver.com/love17212/223972080418,여행하면서 건강하게 행복하자,blog.naver.com/love17212,20250816,샤넬톤온톤메이크업 #샤넬립스틱리뷰 #샤넬립모음 #샤넬립후기 #샤넬화장품추천 #샤넬메이크업추천 #샤넬립스틱색상 #샤넬립스틱발색 #샤넬립제품 #샤넬립스틱컬러 #샤넬립메이크업 #샤넬립스틱모음,0,3,3
립스틱 후기,"백화점 남자 립밤 추천, 프라다 그린밤 립스틱 후기",https://blog.naver.com/free_beauty_/223856843177,Free한 뷰티로그,blog.naver.com/free_beauty_,20250506,"백화점 남자 립밤 추천, 프라다 그린밤 립스틱 후기 / 글, 사진 ©뷰티지니 안녕하세요 뷰티지니예요... 립밤과 립스틱, 쿠션까지 여러가지 제품을 출시했는데요 고급스러운 립밤이라도 글로시하거나 향이 진하면... ",0,16,16
립스틱 후기,립밤추천 입술건조 비판톨 립스틱 사용후기,https://blog.naver.com/fob0118/223956176399,MJ HADA,blog.naver.com/fob0118,20250802,안녕하세요 오늘은 립밤추천 입술보습 비판톨 립스틱 덱스판테놀 사용 후기 들고 왔습니다 아니.. 겨울도 아닌데 뭐 이리 건조한가 생각해 보니까 에어컨의 습격.. 이번 여름은 정말 하루 종일 에어컨 키고 살고... ,0,2,2
립스틱 리뷰,베일 플루이드 쿠션 추천 &amp; 글로우 샤인 온 립스틱 리뷰,https://blog.naver.com/weddingjoa/223341102657,이너 & 아우터 뷰티,blog.naver.com/weddingjoa,20240202,촉촉한 쿠션 유목민인 제가 최근에 정착하고 싶은 제품을 만나서 리뷰를 남겨보려고 해요. 폴앤조... 거기다 하나 더 글로우샤인 립스틱도 함께 살펴보도록 할게요. 브랜드 폴앤조를 살짝 소개해 드리자면... ,0,16,16
립스틱 리뷰,신강 딤딤섬 먹고 프라다 모노크롬 립스틱 3종 리뷰 (타마리스... ,https://blog.naver.com/sheen28/223797932676,싸구려 감성,blog.naver.com/sheen28,20250316,노룩이랑 신세계 강남 가서 프라다 모노크롬 립스틱 색도 교환하고 딤딤섬 때리고 온 즐거운 포스팅... 6개월간 사용 후 써보는 프라다 모노크롬 립스틱 리뷰 끝 나 지금 가고싶으니까 엮고 가는 모트 32 서울... ,0,7,7
립스틱 리뷰,연극&lt;분홍 립스틱&gt;리뷰,https://blog.naver.com/nsh86323/223829321805,소소한 문화생활 리뷰,blog.naver.com/nsh86323,20250411,#연극_분홍립스틱 #연극 #분홍립스틱 #KTG상상마당 #KTG상상마당_대치아트홀 #문컴퍼니 #극단사조 #연출_유승봉 #작가_김지완 #출연배우들 #오늘의캐스트 #분홍팀관람 #분홍_팀 #정혜선 #송선미 #공정환 #김수연... ,0,0,0
립스틱 리뷰,뷰티 르 루즈 앵떼르디 새틴 립스틱 추천 9가지 쉐이드 리뷰,https://blog.naver.com/jjy920801/223554612902,하경,blog.naver.com/jjy920801,20240820,제가 참 좋아하는 지방시 뷰티 립스틱 리뷰인데요 르 루즈 앵뗴르드 새틴 (LE LOUGE INTERDIT SATIN)을... 잇님들 오늘 포스팅에선 르 루즈 앵떼르디 새틴 립스틱 추천 색상들과 9가지 전 컬러 리뷰를... ,0,10,10
립스틱 리뷰,"안나수이 바디로션, 립스틱 리뷰",https://blog.naver.com/next1101/223969157026,버섯양의 일상로그,blog.naver.com/next1101,20250813,"#안나수이 #안나수이바디로션 #안나수이립스틱 #내돈내산리뷰 #안나수이클래식향수다시판매했음좋겠다 안나수이 패키지는 참 잘뽑은거 같다. 이쁜 보라색. 너무 내스탈이다. 저런 보라, 연보라 검정 조합이... ",0,2,2
립스틱 리뷰,"파운데이션, 울트라 슬림 매트 립스틱 리뷰 My Shade My Story",https://blog.naver.com/hwanghwoo/223524571566,뷰티패션블로거 귀톨이,blog.naver.com/hwanghwoo,20240725,"오늘은 에스티 로더 브랜드 제품의 파운데이션과 립스틱 사용 후기를 보여드리려고 합니다. 에스티... 발색 리뷰를 보여드리도록 할게요. 더블웨어 스테이-인-플레이스 메이크업 SPF10/PA++ / 30ml / 91,000원대... ",0,6,6
립스틱 리뷰,"엑시옴 2025신상 애니마, 립스틱 리뷰",https://blog.naver.com/alalee0611/223858888836,천재는 노력가에게 이길 수 없다.,blog.naver.com/alalee0611,20250508,"우선 립스틱부터 리뷰하겠습니다. 컬러는 윤효빈선수가 입은 블랙, 네이비, 다크그린 세가지가 있는데 동호회는 블랙으로 구입을 했어요. 다른색들은 별로지 않나..했는데 네이비색은 여성분들이 입으니... ",0,7,7
립스틱 리뷰,3ce 신상 캐시미어 허그 립스틱 내돈내산 리뷰,https://blog.naver.com/tpvkdldj/223647951433,세상은 나에게 열려있어,blog.naver.com/tpvkdldj,20241105,오늘은 이번 3ce 신상 립스틱인 캐시미어 허그 립스틱을 리뷰해보려고 합니다✨ 이번 올영 블프 세일을 맞아서 언제나처럼 매장 구경을 하는데 3ce칸에 처음 보는 매대가 있길래 궁금해서 봤더니 역시나... ,0,1,1
립스틱 리뷰,내돈내산 파워웜톤 맥립스틱 건성리뷰,https://blog.naver.com/rosaam/223300491336,로샴 라이프,blog.naver.com/rosaam,20231222,"망함(영어철자도 틀림, 개망함, 눈을 새초롬하게 뜨고 립스틱 뒤에 색깔명을 보고 적은거라 노안때문에 틀린거) 그래서 팔뚝샷 다른 블로그엔 여리여리한 팔뚝인데 우람한 팔뚝 리뷰는 처음이죠? 뽀샵으로 라인... ",0,0,0
립스틱 리뷰,가로수길 바이레도 립스틱 347 리뷰,https://blog.naver.com/uni7249/223177797270,유니의 유니유닝,blog.naver.com/uni7249,20230808,안녕하세요 유니 유닝입니댜 오늘은 새로 구매한 립스틱 리뷰- 이번에 가로수길 갔다가 바이레도 매장이 생긴걸 보고 쓰윽 들어갔는데요-! 원래도 바이레도 향을 좋아하지만 이번에는 향수가 아닌 립스틱을... ,0,4,4
립스틱 리뷰,채도높은 과즙 블러셔 가루타입 (더샘 컬러그램  +립스틱 리뷰),https://blog.naver.com/happydani-/223948512225,맛따라 멋따라,blog.naver.com/happydani-,20250727,컬러그램 틴토리 솜 블러셔 04베리베일도 같이 리뷰할게요 옆에는 더샘에서 배송비 안내려고 함께 구매한 립스틱 제품 키스홀릭 립스틱 인텐스 RD09 토마토 레드입니다~ 뚜껑 열자마자 느껴지는 쨍한 컬러감!... ,0,1,1
립스틱 리뷰,샬랑 드 파리 오뜨 쥬얼 샤인 촉촉한 립스틱 리뷰... ,https://blog.naver.com/lovekong_glass/223918476302,럽콩의 교복뷰티,blog.naver.com/lovekong_glass,20250701,럽콩의 메이크업 일기 @럽콩의교복립 오늘 샬랑드파리 오뜨 쥬얼 샤인 립스틱 3종 리뷰 어떠셨나요? 여러분의 선택에 조금이나마 도움이 되었길 바랄게요! 그럼 우리 다음 교복립에서 만나요~ 럽콩의 교복립... ,0,11,11
립스틱 리뷰,프라다 모노크롬 립스틱 리뷰! 프라다를 입는 새로운 방법... ,https://blog.naver.com/iamchocolat/223542481894,쇼콜라의 뷰티매거진♩,blog.naver.com/iamchocolat,20240809,"오늘은 출시 전 미리 만나 본 프라다 모노크롬 립스틱 리뷰 준비했어요. 프라다 모노크롬 립스틱 PRADA MONOCHROME 각 가격 60,000원대 (리필 45,000원대) 럭셔리한 실버 케이스부터 소장욕을 불러 일으키는 프라다... ",0,4,4
립스틱 리뷰,샤넬 립스틱 루쥬 알뤼르 벨벳 63 에쌍씨엘 리뷰,https://blog.naver.com/weddingjoa/223799826655,이너 & 아우터 뷰티,blog.naver.com/weddingjoa,20250318,샤넬 루쥬 알뤼르 벨벳 립스틱 매트한 계열이지만 벨벳처럼 부드럽게 발리고 건조하거나 텁텁한 느낌이 없어 건조한 입술도 부담없이 바르기 좋습니다. 오늘 리뷰는 여기서 마칠게요.,0,4,4
립스틱 리뷰,셀린느 뷰티- 립스틱리뷰,https://blog.naver.com/sanare915/223864339908,사나래's blog,blog.naver.com/sanare915,20250513,안녕하세요 여러분 오늘은 셀린느에서 뷰티가 나왔는ㄷㅔ요 월요일에 판교갔다가 구매하고쓰는 리뷰입니다 그럼 한번 보실까요?! 립스틱상자를 밀면 립스틱이 셀린느로고가 새겨진 커버에(?)싸여 있는데 쏙... ,0,3,3
립스틱 리뷰,글로우 립 맛집 디어달리아 립 파라다이스 쉬어 듀  립스틱 리뷰,https://blog.naver.com/clozetgirl/223720469368,clozetgirl님의 블로그,blog.naver.com/clozetgirl,20231004,가을 립스틱 리뷰 해볼게요~ 립 파라다이스 쉬어 듀 립스틱은 아침 이슬을 머금은 듯 맑고 투명하게... 출처 : https://giphy.com/ 지금까지 디어달리아 신상 립 파라다이스 쉬어 듀 립스틱 전 색상 리뷰와 스킨... ,0,0,0
립스틱 리뷰,프라다 모노크롬 핑크 매트 립스틱 BEST 컬러 리뷰,https://blog.naver.com/hwhj0604/223974795523,원이도리 토크,blog.naver.com/hwhj0604,20250818,"이렇게 프라다 모노크롬 립스틱 8가지 컬러를 보여드렸는데 컬러가 다채롭고, 발색이 풍부하다 보니 다른 색 립스틱들도 궁금해지더라구요!! 기회가 된다면 언젠가... 전 색상 리뷰를 한번... 해보고 싶네요.... ",0,2,2
립스틱 리뷰,[도서리뷰] 립스틱 짙게 바르고 한국어를 가르칩니다,https://blog.naver.com/rebaca817/223824342517,Passion of,blog.naver.com/rebaca817,20250407,#립스틱짙게바르고한국어를가르칩니다 #한국어교육 #한국어교육실습 #한국어어학당 #한국어강사꿀팁 #한국어교사 #외국어로서의한국어교육 #성안당도서 #성안당 #컬처블룸 #컬처블룸리뷰단(서평단),0,0,0
립스틱 리뷰,"성수 샤넬 루쥬 알뤼르 팝업 (예약링크, 립스틱 리뷰)",https://blog.naver.com/2jyani/223427979660,인생은 즐겁쟈니,blog.naver.com/2jyani,20240426,어울리는 립스틱도 만나볼 수 있는 성수 팝업스토어 거든요. 정말 사진 찍다 시간 가는 줄 모르는... 어울리는 립스틱을 골라보는 것도 예쁘게 사진을 남기는 것도 샤넬 루쥬 알뤼르 팝업을 가장 알차게... ,0,3,3
립스틱 리뷰,생일선물 리뷰 명품 립스틱 추천 립스틱 발색-조르지오아르마니... ,https://blog.naver.com/bericca/223891248021,나 좋으라고 하는 블로그 Lovely Day,blog.naver.com/bericca,20250607,"립발색 #립스틱리뷰 를 해보려고 한다! 생일선물로 받았던거, 내가 #내돈내산 한거! 다 합해서 리뷰할고... 샤넬 루즈 얼루어 70 아임모바일 IMMOBILE 이거는 틴트 재질인데 샤넬은 립스틱만 샀다가 틴트는 처음... ",0,2,2
립스틱 리뷰,[hanhyunhjae] 글로우립 드림 포에버 립스틱 리뷰,https://blog.naver.com/1004yeha/223913321687,조이 일기,blog.naver.com/1004yeha,20250627,"한현재 글로우립을 리뷰해 보려고 한다. HANHYUNJAE라는 브랜드가 있는 줄 몰랐는데 어떤 계기로 접하게 됐고 립스틱을 마주했다. 골드빛 립스틱인데 용량은 3g, 드림 포에버 색상이다. 각진 형태로 그냥 디자인은... ",0,0,0
립스틱 리뷰,샤넬루즈코코플래쉬84 매력적인 립스틱 리뷰,https://blog.naver.com/gorsef/223973498778,소비요정 연구소,blog.naver.com/gorsef,20250817,다음에도 좋은 제품 리뷰해드릴게요! #샤넬루즈코코플래쉬84 #샤넬립스틱추천... 샤넬립스틱가격 #샤넬립스틱리뷰 #샤넬루즈코코플래쉬 샤넬 루즈코코 플래쉬 84 발색 후기 2025 샤넬 루즈코코 플래쉬 인기 색상... ,0,0,0
립스틱 리뷰,샤넬 루쥬 코코밤 샤인 라즈베리 키스 762 여쿨라의 립스틱 리뷰,https://blog.naver.com/nublanc_official/223962437654,Nublanc,blog.naver.com/nublanc_official,20250813,당연히 립스틱보다는 자주 덧발라야 하지만 지워질 때도 예쁘게 지워지고 덧발라도 부담없어서 데일리 아이템으로 딱! 이랍니다:) 여기까지 샤넬 루쥬 코코밤 샤인 라즈베리 키스 762 여쿨라의 립스틱 리뷰였습... ,0,2,2
립스틱 리뷰,에스쁘아 노웨어 립스틱 볼륨매트 08애쉬 코코아 내돈내산리뷰,https://blog.naver.com/gracefb/223827545345,e.d i a r y,blog.naver.com/gracefb,20250409,에스쁘아 노웨어 립스틱 볼륨매트 08 애쉬코코아 내돈내산 리뷰! 올영세일템중에 몇가지 구경하러 갔다가 구매하게된 에스쁘아 립스틱 리뷰해볼게요. 보통 웜톤 립 쓰는 편이고 코랄 / 엠엘비비 느낌 컬러... ,0,1,1
립스틱 리뷰,랑콤 압솔뤼 루즈 인티마뜨 립스틱 리뷰 및 추천,https://blog.naver.com/wjddlrb1/223913139533,엘로라_Elora,blog.naver.com/wjddlrb1,20250627,#랑콤압솔뤼루즈인티마뜨립스틱 #랑콤립스틱 #여자리브스틱추천 #40대여자리브스틱추천 #40대랑콤립스틱추천 #벨벳립스틱추천 #랑콤립리뷰 #립스틱추천컬러 #랑콤우아한립 #데일리립추천 #벨벳피니쉬립스틱,0,1,1
립스틱 리뷰,"[제품리뷰] 롬앤(rom&amp;nd)... 카야피그, 샤넬 립스틱과 비교후기!",https://blog.naver.com/miomi__/223939687425,미오미의 감성기록,blog.naver.com/miomi__,20250719,추천제품만을 리뷰하고 있습니다. 안녕하세요 :) 오늘은 립스틱 리뷰를 해볼건데요! 제가 원래 샤넬... 이상 립스틱 제품리뷰를 마친 미오미 였습니다. 읽어주셔서 감사합니다. ✍️ 도움이 되셨다면 공감... ,0,0,0
립스틱 리뷰,아미옥 스트롱픽스 립스틱 리뷰,https://blog.naver.com/hamidia/223908291257,포도하마 정윰윰,blog.naver.com/hamidia,20250623,"다양한 색상과 질감의 립스틱이 많이 나오는데, 나에게 잘 어울리는 컬러를 찾는 재미도 쏠쏠해요. 이번 기회에 여러분도 자신만의 완벽한 립스틱을 찾아보시면 좋겠어요. 다음에도 좋은 제품 리뷰해드릴게요!",0,0,0
립스틱 리뷰,구찌 뷰티 립스틱 6종 메이크업 발색 리뷰,https://blog.naver.com/hani5080/223170652480,뷰티블로거 하니씨,blog.naver.com/hani5080,20230731,촉촉하게 반짝이는 가벼운 립스틱 좋아하는 분들~~~ 구찌 뷰티 립스틱 중에서도 제가 가장 애정 하는 구찌 루즈 아 레브르 브왈 추천드려요!! 지난번에 구찌 뷰티 립스틱 리뷰에서도 패키지 디자인이... ,0,18,18
립스틱 리뷰,샤넬 루즈 코코 립스틱 440호 아서 컬러리뷰,https://blog.naver.com/ysini0423/223732562054,sini_Beauty,blog.naver.com/ysini0423,20250121,다음 포스팅에서 만나요❤️ #샤넬 #샤넬립 #샤넬루즈코코 #샤넬루즈코코립스틱 #샤넬아서 #샤넬440 #샤넬립스틱 #샤넬립스틱추천 #립스틱추천 #봄웜 #봄웜립 #봄웜립스틱 #뷰티리뷰 #서이추 #서로이웃 #맞팬환영,0,29,29
립스틱 리뷰,여름보송메이크업 바이옴 액티베이트 바액 벨벳 매트 립스틱 리뷰,https://blog.naver.com/johappy1128/223902828234,해피의 뷰티다이어리,blog.naver.com/johappy1128,20250618,매트 립스틱이에요. : ) 포스팅 순서 1. 간단 요약 2. 바액 브랜드&amp;성분 3. 텍스처 &amp; 사용감 4. 컬러별 리뷰... 매트 립스틱 리뷰였습니다. 매일 행복해지는 뷰티루틴 함께 나눠요~ #여름보송메이크업 #매트립스틱... ,0,42,42
립스틱 리뷰,"익스플리싯 립스틱 발색, 세븐틴 에스쿱스&amp;호시 신상 립스틱 리뷰!",https://blog.naver.com/phj3000kr/223553078977,Beautiful You,blog.naver.com/phj3000kr,20240819,"오늘은 나스의 새로운 립스틱 리뷰를 가지고 왔어요. 나스 30주년을 맞아 새롭게 출시한 립스틱 컬렉션, 나스 나스플리싯 립스틱을 지금부터 보여드릴게요 :) 나스 익스플리싯 립스틱 (3.8g / 52,000원대) 올해로... ",0,1,1
립스틱 리뷰,N년째 인생템 누드립 미샤 데어루즈벨벳_누디립스틱 4종리뷰,https://blog.naver.com/iiqkskskii/223801127207,커리어우먼 라이프,blog.naver.com/iiqkskskii,20250318,이번에도 두통 또 샀네요 립이 두꺼워서 그릉가 스윽 스윽 하면 없네요 ㅎㅎㅎ 인생템인 미샤 누디립스틱 이렇게 보니 다 똑같아 보이는데 발라보면 달라요 예쁜 메이크업하세요 #누디립스틱리뷰 #누디립스틱추천,0,7,7
립스틱 리뷰,반전 매력 가득한 펄립스틱 나틴다 매직 타투 트윙클 립스틱 리뷰,https://blog.naver.com/two0214/223962043974,타비♥테니 하우스,blog.naver.com/two0214,20250807,"저는 특히 립 제품에 민감한 편이라, 자연스러우면서도 생기 있어 보이고 지속력까지 좋은 립스틱을 선호해요. 최근 사용해 본 나틴다 매직 타투 트윙클 립스틱은 그런 저의 취향에 딱 맞는 제품이었어요. 이... ",0,0,0
립스틱 리뷰,뷰티 신제품 프라다 모노크롬 립스틱 NEW 쉐이드 4종 리뷰,https://blog.naver.com/hohomiu2/223944591232,올 어바웃 러브 : 뷰스타 호호미우 ❤️,blog.naver.com/hohomiu2,20250724,요즘 립스틱 하나 바꾸고 싶은데 뭔가 고급스러우면서도 흔하지 않은 핑크 없을까? 고민하시는 분... 핑크 립스틱을 찾기란 쉽지 않은데요. 이번에 제가 가져왔습니다 헤헷 오늘 소개할 이 립스틱을 보는 순간... ,0,5,5
립스틱 리뷰,디올 립스틱 636 울트라디올 발색 메이크업,https://blog.naver.com/misssweet79/223842378238,꽁이의 뷰티로그,blog.naver.com/misssweet79,20250422,내돈내산 광고x 포스팅거리 고갈로 인해 작년에 생일선물로 받은 디올 립스틱 리뷰를 해보겠어요... 고마버 ♥ 오늘 디올 립스틱 소개와 함께 풀메까지 쭉 보여드릴테니 다들 많관부 해주시고욘 *_* 제일... ,0,0,0
립스틱 리뷰,본딩 글로우 립스틱 206 리리 유리알 립스틱 내돈내산 리뷰,https://blog.naver.com/smile6655/223970693608,아름다움이 있는 공간☕,blog.naver.com/smile6655,20250814,살몬핑크 #봄웜톤립스틱 #여름라이트립스틱 #봄웜톤립스틱추천 #여름라이트립스틱 #투명립스틱 #라카 #라카립스틱리뷰 #라카본딩글로우립스틱 #라카리리립스틱리뷰 #라카206리리립스틱내돈내산리뷰,0,0,0
립스틱 리뷰,"에르메스 뷰티-립스틱, 립밤 그리고 스카프 리뷰(+사진추가)",https://blog.naver.com/sanare915/223898210588,사나래's blog,blog.naver.com/sanare915,20250613,"안녕하세요 여러분 오늘은 후쿠오카 1박2일 여행 2일차에 이와타야 백화점 에르메스 뷰티에서 구매한 후기 리뷰입니다~ 그럼 소개할께요~~ 매장에서 찍은 사진이에요~ 스카프와 립스틱,립밤 향수샘플 3개 에요... ",0,0,0
립스틱 리뷰,[제품리뷰] 립밤보다 편한 립스틱✨ 샤넬 코코 플래쉬 실사용 리뷰,https://blog.naver.com/miomi__/223961585381,미오미의 감성기록,blog.naver.com/miomi__,20250807,"립스틱 리뷰로 돌아온 미오미 입니다. 오늘은 샤넬 코코플래쉬 #144, #118 을 리뷰 할예정입니다. 요즘은... 립밤처럼 부드럽게 발리면서도, 발색력은 립스틱급! 특히 각질부각 없고, 글로시하게 고급지게... ",0,0,0
립스틱 리뷰,[내돈내산리뷰/에뛰드/립스틱] 에뛰드 컬러 래스팅 글로우... ,https://blog.naver.com/kwakcheol/223950457819,ᴋᴡᴀᴋᴄʜᴇᴏʟ,blog.naver.com/kwakcheol,20250728,"오늘은 에뛰드에서 나온 글로우 립스틱 리뷰를 들고왔습니당 저는 쿠팡에서 8,000원에 구매를 했구요... ㅎㅎ 에뛰드 컬러래스팅 글로우 스틱은 예전에 선물받았던 바닐라코의 노웨어 바밍 글로우 립스틱과... ",0,0,0
립스틱 리뷰,"신제품, 모노크롬 핑크로 만나는 여름 매트 립스틱 신상 리뷰",https://blog.naver.com/hellodany_/223966811023,헬로다니,blog.naver.com/hellodany_,20250811,[프라다 뷰티로부터 제품을 지원받아 솔직하게 작성한 후기입니다] 프라다 립스틱 신제품 모노크롬 핑크로 만나는 여름 매트 립스틱 신상 리뷰 여름 메이크업을 준비하면서 '프라다 모노크롬 립스틱 신제품... ,0,10,10
립스틱 리뷰,석류립스틱 네츄럴샤인 립스 리뷰,https://blog.naver.com/nnninano/223671733843,니나노 블로그,blog.naver.com/nnninano,20241125,립스 리뷰 ▲ 립스틱의 선명한 발색과 립밤 같은 케어력으로 건조하고 각질 많은 입술의 부담없이 사용하기 좋은 석류립스틱 네츄럴샤인 립스틱 - 총 6가지 컬러로 피부톤이나 취향에 맞춰 주문할수있다... ,0,0,0
립스틱 리뷰,[립스틱 리뷰] 에스티로더 립스틱 856 오브젝트 오브... ,https://blog.naver.com/kje6778/223915974837,꽃들에게 희망을,blog.naver.com/kje6778,20250629,올초에 사고 뒤늦게 립스틱 리뷰를 적어본다. 에스티로더 립스틱 856 오브젝트 오브 디자이어 에스티로더 립스틱 중에서도 가장 안유명한 색상이 아닐까? 가을뮤트톤 이라면 누구나 어울릴 베이직한 톤의... ,0,1,1
립스틱 리뷰,롬앤 제로매트 립스틱 리뷰,https://blog.naver.com/dud1006010/223917995127,설탕언니의 리뷰 블로그,blog.naver.com/dud1006010,20250701,"안녕하세요~ 설탕언니에요 오늘은 롬앤의 제로 매트립스틱을 리뷰해보려고합니다. 제가 요즘 스타일을 바꾸고 싶은데 매일 같은립스틱,틴트로 매일 스타일이 똑같아보여서 오랜만에 립스틱을 좀 사자하고... ",0,2,2
립스틱 리뷰,가을뮤트립 루즈 디올 720 이콘 벨벳립스틱 발색 리뷰,https://blog.naver.com/sanga7449/223969184984,까칠한 이주부 스타일 노트,blog.naver.com/sanga7449,20250813,안녕하세요 패션블로거 까칠한이주부에요 오늘은 가을뮤트립으로 찰떡인 디올 립스틱 발색 리뷰를 갖고 왔어요 루즈 디올 720 이콘 컬러인데 벨벳 텍스처라 곧 다가오는 가을에도 잘 어울리는 립스틱이에요... ,0,0,0
립스틱 리뷰,프라다 립스틱 리뷰,https://blog.naver.com/bbom_0303/223948915835,뽐뽐이♡,blog.naver.com/bbom_0303,20250727,프라다 립스틱 리뷰 PRADA Monochrome 립스틱 B102 – 고급스러움 그 자체 안녕하세요 :) 오늘은 정말 오랜만에 하이엔드 립스틱 후기를 들고 왔어요! 바로바로 프라다(Prada) 모노크롬 립스틱 B102호예요.... ,0,1,1
립스틱 리뷰,컬러 리뷰! 스파이크 발렌티노 매트 립스틱 웜톤 쿨톤 톤별 추천,https://blog.naver.com/arafatare/223572486975,Diana Beauty ෆ Fashion,blog.naver.com/arafatare,20240904,"버터리 매트 립스틱 스파이크 발렌티노 인기 컬러를 가져왔어요! 웜톤 쿨톤 톤별 추천해 볼게요... 발렌티노 뷰티 핫한 신제품, 스파이크 발렌티노의 인기 컬러 5가지 추천 립스틱 리뷰를 보여드렸는데요.... ",0,8,8
립스틱 리뷰,디올 어딕트 샤인 립스틱 리뷰 제품 추천 안내,https://blog.naver.com/wjddlrb/223905556074,기묘한 일상 이야기,blog.naver.com/wjddlrb,20250620,"[디올 어딕트 샤인 립스틱 리뷰] 자연스러운 광채와 컬러를 입술 위에 입히다  세련된 글로시 립 메이크업을 찾고 있다면, 주저 없이 선택할 수 있는 제품이 바로 디올 어딕트 샤인 립스틱입니다.... ",0,1,1
립스틱 리뷰,디올 어딕트 립스틱 636 울트라 디올 리뷰❤,https://blog.naver.com/oklhmyi/223972266612,Everything 기록ꕥ,blog.naver.com/oklhmyi,20250816,명품립스틱 #럭셔리뷰티 #디올립컬러 #촉촉립스틱 #레드립 #디올화장품 #립스틱명가 #디올뷰티... 고급립스틱 #디올기프트 #립스틱후기 #립스틱리뷰 #화사한레드 #웜톤립추천 #쿨톤립추천... ,0,1,1
립스틱 리뷰,맥 맥시멀 매트 립스틱 686립스틱 스놉 내돈내산 리뷰,https://blog.naver.com/smile6655/223739198886,아름다움이 있는 공간☕,blog.naver.com/smile6655,20250126,맥 립스틱의 맥시멀 매트 립스틱 686립스틱 스놉 제품이었어요1 #내돈내산 #맥립스틱 #맥립스틱리뷰... 맥매트립스틱686립스틱스놉리뷰 #매트립스틱추천 #총알립스틱 #쿨톤립스틱 #쿨톤베이스립 #맥여름쿨톤추천... ,0,1,1
립스틱 리뷰,프라다 모노크롬 소프트 매트 립스틱-P161,https://blog.naver.com/scentedclass/223961058780,교사인데 예쁨주의,blog.naver.com/scentedclass,20250806,좋아요.” #프라다립스틱#프라다모노크롬#P161SunsetPink#프라다소프트매트#프라다뷰티#립스틱추천#데일리립 #코랄핑크립스틱#고급립스틱#명품립스틱후기#프라다립스틱리뷰#프라다립발색#softmatte... ,0,0,0
매트 립 후기,롬앤 신상 입술 각질제거 립 매트 허쉬 그레이프 컬러 틴트 후기,https://blog.naver.com/486xhxh/223739135900,쥔이로그 : 뷰티&패션&팝업,blog.naver.com/486xhxh,20250126,"오늘 그 사용 후기를 솔직하게 들려드릴게요! 과연 제가 기대한 만큼 괜찮았을지 자세히 이야기해 보겠습니다! 매트 립 제품, 사용하는게 왜 이렇게 까다로운지 사실 매트 립 제품은 발라보고 후회하기의 최강자... ",0,18,18
매트 립 후기,내돈내산 솔직후기 롬앤 컬러 립매트 02 허쉬 그레이프 발색... ,https://blog.naver.com/lqud/223842135545,영업왕 제제의 블로그,blog.naver.com/lqud,20250422,"립매트 솔직후기 낉여와봤슴다! 그동안 잠시 촉촉립에 한눈팔다가 물기 하나 없는 바싹 마른 매트립... 컬러 립 매트 8.0g / 13,000원 롬앤이 매트립 틴트 진짜 잘 하거든요,, 개인적으로 믿고 쓰는 브랜드인데... ",0,11,11
매트 립 후기,롬앤 컬러립매트 출시되자마자 사고 이제야 써보는 내돈내산 후기,https://blog.naver.com/meoru321/223791035603,매일이 행복해,blog.naver.com/meoru321,20250310,올해 1월말에 사놓고는 한달이 넘게 지나서야 쓰는 롬앤의 컬러립매트 후기입니다. 비수기였던 최근... 주문한 제품 2개랑 블렌딩 립 브러쉬 그리고 손거울이 함께 왔어요. 요렇게 거울집도 있고 해서... ,0,6,6
매트 립 후기,"브레이 립슬릭 블러 립앤치크 웜톤 매트 립스틱, 크림 블러셔 후기",https://blog.naver.com/a10000du/223556202305,만두로그,blog.naver.com/a10000du,20240821,포슬한 마무리의 #매트립스틱 과 블러리한 느낌의 #크림블러셔 두가지의 장점을 모아 패셔너블하게 만들어진 BRAYE LIPSLEEK BLUR 웜톤조합 02 버블리 + 04 프리니스 발색 및 솔직한 후기 by.안만두 본 글은 직접... ,0,0,0
매트 립 후기,매트 레드립 틴트 추천 딘토 블러링 립베일 초초 쿨톤 후기,https://blog.naver.com/misavely/223655435345,주밍의 뷰티데일리뷰,blog.naver.com/misavely,20241111,저처럼 매트하고 클래식한 레드립 제품을 찾는 쿨톤 분들이라면 가까운 올리브영 매장에서 꼭 한번 테스트해 보시길 추천드립니다 올영 또는 딘토 공홈에서 더욱 자세한 후기를 살펴보세요 : ) { 주관적인 총평... ,0,7,7
매트 립 후기,지속력 좋은 매트립스틱 추천... 발색·착색력·유지력 솔직후기,https://blog.naver.com/hnluv1004/223898321841,얀나콩 뷰티Studio,blog.naver.com/hnluv1004,20250613,"좋은 매트립 후기를 준비했어요 발색, 착색력, 지속력, 유지력 뭐 하나 빠지는거 없이 모두 완벽한... 그라데이션 립 또는 풀림까지 모두 다양하게 연출할 수 있답니다 픽싱력이 너무 좋은 줄립 매트립 사용 후기... ",0,6,6
매트 립 후기,[후기] 오늘도 내돈내산 : 롬앤 컬러 립 매트 틴트 5호 누디 망고... ,https://blog.naver.com/chaosmiboy/223797517125,다다이즘 : 주관적리뷰티,blog.naver.com/chaosmiboy,20250316,"롬앤 컬러 립 매트 틴트 5호 누디 망고 오늘도 내돈내산 후기는 신상 화장품으로 나온, 롬앤 컬러 립매트 틴트를 구매했다 사실 계속 안사고 있다가 후기들을 보니까, 입술 건조함이나 각질부각이 없다고 해서... ",0,0,0
매트 립 후기,안나수이 립스틱 매트립 추천 에버래스팅 틴트 5종 발색 후기!,https://blog.naver.com/qmfosej/223342194350,뷰티 데일리 @이람님,blog.naver.com/qmfosej,20240202,그래서 오늘은 고발색으로 또렷하게 사용할 수 있는 명품 틴트 추천 후기를 남기러 왔어요... 제품 소개... 없는 매트립을 찾고 있는다면 안나수이 립 틴트 추천드린답니다!&gt;__&lt; 참고로 오늘 소개 드린 제품은... ,0,15,15
매트 립 후기,겨쿨립 매트틴트 추천 플린 브리즈 블러 틴트 전색상 발색 후기,https://blog.naver.com/00_0508/223965915674,나의 ㄱ 상자,blog.naver.com/00_0508,20250810,겨쿨립 매트틴트 추천 플린 브리즈 블러 틴트 전색상 발색 후기 나는 원래 매트틴트 안 좋아한다 기존에... 나는 립 제품 고를 때 지속력좋은틴트인지 꼭 봄… 아무리 예뻐도 밥 한 번 먹고 다 지워지면 의미... ,0,4,4
매트 립 후기,힌스 립 슬림스틱멜팅매트 페이드아웃 내돈내산 후기,https://blog.naver.com/bejjung27/223935073051,어텀뮤트 is 뮤탱뷰티,blog.naver.com/bejjung27,20250715,매트 립 치고도 보습 성분이 있어서 그런지 엄청 건조하게 픽싱되진 않더라구요. 입술에 올렸을 때도 얇게 밀착력 있게 올라왔고 점점 발색이 쌓였는데요. 너무 빼내서 사용하면 요렇게 양쪽이 묻어나올 수... ,0,2,2
매트 립 후기,롬앤 컬러 립 매트 웜톤 매트립 추천 내돈내산,https://blog.naver.com/m_a_u_/223810099897,이호피의 뷰티플,blog.naver.com/m_a_u_,20250326,컬러 립 매트 03 토프 던 소개해보려고 해요. 특히 웜톤 매트립 좋아하시는 분들께 완전 찰떡 컬러랍니다! 목차 첫인상 &amp; 컬러감 발림성 &amp; 제형 밀착력 &amp; 사용감 장단점 솔직 후기 마무리 첫인상 &amp; 컬러감 2025년... ,0,35,35
매트 립 후기,[뷰티] 롬앤 컬러립매트 2종 내돈내산 후기 (허쉬그레이프... ,https://blog.naver.com/golden_ticket_21/223768980253,든이의 하루,blog.naver.com/golden_ticket_21,20250221,"항상 머쓱하게 돌아오는 뷰티 로그 오늘은 롬앤 립 신상 컬러립매트 지름 후기 롬앤 컬러 립 매트 단풍 정가 : 13,000원 에이블리1&amp;1 행사가: 15,900원 (개당 7,950원) 현재행사종료 컬러 립매트 출시를 맞아... ",0,6,6
매트 립 후기,추천 매트틴트 바닐라코 신상 쉬어 벨벳 베일틴트 &amp; 립베이스 후기,https://blog.naver.com/arafatare/223766545449,Diana Beauty ෆ Fashion,blog.naver.com/arafatare,20250219,"소프트블러링이 예쁜 올리브영 매트틴트 추천! 여러분 안녕하세요, 디아나에요. 이번에 바닐라코에서 쉬어 벨벳틴트 2종과 립베이스가 새롭게 출시되어 후기를 준비했어요! 메이크업에서 분위기를 담당하는... ",0,13,13
매트 립 후기,컬러그램 틴트 긱로즈 쿨톤 매트립 써봄,https://blog.naver.com/ramii0226/223803370096,동글이 라미 블로그,blog.naver.com/ramii0226,20250320,&lt;직접 구입후 솔직하게 작성한 주관적인 후기입니다&gt; 올만에 올영 구경갔다가 귀염뽀짝한 틴트가... ㅠㅠ 알고보니까 요게 매트틴트로 유명한 제품이던데 매트립 엄청 오랜만에 써봐욧 헤헤 이렇게 귀여운 립은... ,0,0,0
매트 립 후기,"롬앤 컬러 립 매트 허쉬그레이프, 토프던 내돈내산 후기",https://blog.naver.com/yoimm/223764435432,YOMILOG,blog.naver.com/yoimm,20250218,"롬앤 컬러 립 매트 허쉬그레이프, 토프던 내돈내산 후기 최근 롬앤 신상으로 출시되었던 컬러 립 매트 간단한 발색과 후기를 들고 왔습니다 롬앤 컬러 립 매트 8g / 13,000원 콤팩트한 용기 때문에 양이 적어... ",0,0,0
매트 립 후기,봄 웜톤 추천 런웨이히트 매트립 베이스립 쿨톤 발색 후기,https://blog.naver.com/yazeyazasu/223525442163,"화장품, 그리고 사람 이야기",blog.naver.com/yazeyazasu,20240725,내돈내산 MAC 맥 립스틱 봄 웜톤 추천 런웨이히트 매트립 베이스립 쿨톤 발색 후기 반가워용 '3' 뷰티를 사랑하는 세경이에요 저번에 MAC 맥 립스틱 중에 베이스립으로 유명한 카인다섹시 리뷰했었는데용 오늘은... ,0,44,44
매트 립 후기,롬앤 컬러 립매트 쿨톤 02호... 발색 후기 (feat. 필리밀리... ,https://blog.naver.com/arielz52z/223861863542,뚝딱이의 친절한 뷰티이야기,blog.naver.com/arielz52z,20250511,"후후 롬앤 컬러 립 매트 묻어남이 어느 정도인지 영상을 찍어봤어요 어떤 후기에서는 묻어난다고 하는데 손목 뿐만 아니라, 입술도 손가락으로 얇게 밀착해서 바르니 묻어남은 거의 없었음! 약간 두껍게 덜... ",0,2,2
매트 립 후기,키스미 아이퍼스트 매트 립 쿨톤 후기,https://blog.naver.com/bestlye/223919164272,I've made up my mind. 그렇게 하기로 결정했어요.,blog.naver.com/bestlye,20250702,키스미 아이퍼스트 매트 립 키스미 아이퍼스트 매트 립 02 베일드 모브 04 토스팅 로즈 06 칠링 마젠타... 각 컬러별 발색과 후기 남겨드립니다! 발림성 실크 같은 부드러운 발림성과 촉촉함이 공존하는 매트... ,0,6,6
매트 립 후기,"YNM매트립, 각질들뜸없고 부드러운 매트립스틱 쿨톤발색후기",https://blog.naver.com/rjql0321/223371388619,◆ 함 께 하 는 병 의 원 ◆,blog.naver.com/rjql0321,20240303,YNM의 새로운 아이덴티티를 표현한 투명한 이중 아크릴 용기에 부드러운 쉬어 매트 립스틱을 담은 네번째 립 컬렉션이라고 해요. 까다로운 수십 번의 샘플링을 거쳐 고심 끝에 선보이는 매트립의 정수라고 하니... ,0,12,12
매트 립 후기,페탈드 &amp; 모비쉬핑크 올리브영 쿨톤 매트 립 틴트 후기,https://blog.naver.com/misavely/223597260594,주밍의 뷰티데일리뷰,blog.naver.com/misavely,20240926,분 · 매트 제형의 립 메이크업을 선호하는 분 · 보송하고 부드러운 벨벳틴트 제품을 찾는 분 · 뮤트 톤의 쿨톤 베이스 립을 찾는 분 · 가을 겨울에 어울리는 차분한 핑크 립을 찾는 분 · 가성비 매트 틴트를... ,0,8,8
매트 립 후기,버버리 뷰티 키세스 리퀴드 매트 틴트 립 추천 4종 발색,https://blog.naver.com/uhwa_beauty/223886570990,Make you up!,blog.naver.com/uhwa_beauty,20250609,리퀴드 매트! 4종 발색 후기까지 모두 보여드릴게요~ 버버리 키세스 리퀴드 매트 BURBERRY KISSES LIQUID MATTE... 지속력도 좋으니까 꼬옥 사용해 보셨으면 좋겠는 버버리 키세스 리퀴드 매트 립! 카카오 선물하기... ,0,15,15
매트 립 후기,잉글롯 AMC 립 펜슬 매트 1.8g 사용 후 솔직 후기,https://blog.naver.com/ganorrrh1174/223935111935,편안한아침,blog.naver.com/ganorrrh1174,20250717,"안녕하세요, 오늘은 최근에 사용해본 잉글롯 AMC 립 펜슬 매트 1.8g에 대한 솔직한 후기를 나누고자 합니다. 평소에 립 제품을 자주 바꾸는 편이 아니었는데 이번에 새로 시도해보게 되었어요. 어떤 제품인지... ",0,0,0
매트 립 후기,하이 인텐시티 립 펜슬 발색 후기 부드러운 매트 립스틱 추천,https://blog.naver.com/ik0726/223198238219,민슨의 뷰티 tmi,blog.naver.com/ik0726,20230831,10년 연속 립 펜슬 부문 NO.1* 기존에 엄청난 사랑을 받았던 벨벳 매트 립 펜슬을 쓰셨던 분들은 환호성을 지를 것 같아요! 새롭게 탄생한 파워매트 하이 인텐시티 립 펜슬이 9월 1일 출시가 된답니다. 저는... ,0,3,3
매트 립 후기,카톡선물로 받은 나스 에어매트 립컬러 페이스티 후기,https://blog.naver.com/486jh1004/223376962624,"그리고, 오늘",blog.naver.com/486jh1004,20240308,카톡선물로 받은 나스 에어매트 립컬러 페이스티 후기 안녕하세요 따니입니다 :) 요즘 시간이 금방금방... 요런색상인가봐요ㅋㅋ 립 제품 고를때면 상자에 있는 색이랑 발색샷을 찾아보고 고르지요❤️ 본품을... ,0,0,0
매트 립 후기,내돈내산 롬앤 신상 컬러 립 매트 투명 립 프라이머 솔직후기,https://blog.naver.com/sally8872/223749210488,N’CHU World,blog.naver.com/sally8872,20250206,내돈내산 신상 사용 솔직 후기 공유하겠습니다! 롬앤 컬러 립 매트 00 Lip matte 너무 궁금해서 직접 구매해서 사용해본 솔직 후기 궁금하시죠? 저도 두근두근 설레는 마음으로 사용해본 후기 빨리 알려드릴게요... ,0,11,11
매트 립 후기,"각질 부각 없는 착색 매트립... 내돈내산 후기, 착색 테스트!",https://blog.naver.com/graybutton0301/223975025522,잔꾸 뷰티로그 ૮꒰⸝⸝´ ˘ `⸝⸝꒱ა,blog.naver.com/graybutton0301,20250819,"여름이라고 글로우 립 연출하고 싶어서 계속 글로우한 틴트만 사용하다가, 조금 질리던 차에 매트립을 구입해봤어요. 요즘에는 매트립이 깔끔해 보이더라구요. 안 그래도 얼굴이 땀으로 초췌해지면서 쓸데없는... ",0,1,1
매트 립 후기,올리브영 매트립 롬앤 컬러 립 매트 02허쉬그레이프 솔직후기... ,https://blog.naver.com/chocolate1222/223970392241,알았으면 끄적여,blog.naver.com/chocolate1222,20250814,(제품이 사람 가리나..) 그럼 올리브영 매트립으로 롬앤 컬러 립 매트 허쉬그레이프 솔직후기 시작합니다! 올리브영 매트립을 찾는다면. 롬앤 컬러 립 매트 02 허쉬그레이프 매장에서 나름 열심히 발라보고... ,0,0,0
매트 립 후기,[내돈내산] 우드버리 벨벳매트 립펜슬 슈가로즈 (feat. 나스... ,https://blog.naver.com/aquarius35/223800137413,열심히 일하고 열심히 놀자 ◡̈,blog.naver.com/aquarius35,20250318,우드버리 벨벳매트 립펜슬 슈가로즈 우드버리 스마트스토어 구입 오래전부터 나의 인생립 중 하나였던... 리뉴얼된 제품은 되려 색이 달라졌다는 후기들이 많아 아주 깔끔하게 구매 포기. 대신 예전부터 나스... ,0,5,5
매트 립 후기,"[롬앤] 컬러 립 매트 : 내 돈... 솔직 후기, 웜톤에게 어울리는... ",https://blog.naver.com/amy_isss/223901483537,단발머리 에이미 LIFE,blog.naver.com/amy_isss,20250616,갑자기 꽂혀서 선택하지 못하고 두 개나 내 돈 내산으로 구매한 롬앤 컬러 립 틴트! 02 허쉬 그레이프와... 솔직 후기! 위 사진이 실제 제품들 패키지 컬러와 비슷하니 참고하세요~!!! (개인적으로 매트 립을... ,0,0,0
매트 립 후기,매트립추천 YNM 크림 매트 립스틱 솔직 후기,https://blog.naver.com/skdnjs01/223837979414,허빵냥이구마,blog.naver.com/skdnjs01,20250417,ㅣ후기ㅣ 쓰기 전과 후 보시면 확연히 차이가 나고 입술이 더 또렷해 지죠 이.. 아무것도 없는 무미건조한 립에 매트한 립 색상을 바르면 각질부각없이 아주 부드러운 발림성으로 발렸어요 제가 참.. 매트한걸... ,0,3,3
매트 립 후기,신세계 면세점 명품화장품 나스 면봉틴트 에어매트립 후기,https://blog.naver.com/cgamza1/223633312181,뷰티꼼스의 뷰티이야기,blog.naver.com/cgamza1,20241025,리얼 후기를 가져왔어요+_+ 면세품은 규정상 기내에서도 오픈할 수 없어서 인도장에서부터 베트남 공항 출국장까지 궁금해도 참으며 호텔까지 모셔갔어요 ㅋㅋ 짠~ 나스 립틴트 에어매트립 컬러입니다... ,0,7,7
매트 립 후기,"후기 (1호 산호밤,2호낙엽밤,3호 코튼밤,4호 콜든밤) 매트 립",https://blog.naver.com/mgbyou/223338950338,좋은 날,blog.naver.com/mgbyou,20240131,내돈내산 인스타에 우연히 떠있는 중국 립 영상 밤 형태로 된 매트한립인데 예쁘게 발려서 궁금했었다 #intoyou 매트립 러버인 나는 너무 너무 궁금했지만 직구로 찾기는 귀찮고 그렇게 잊혀져 갈때 쯤!!... ,0,10,10
매트 립 후기,매트립 추천 홀리카홀리카 멜팅블러립 팟 08 썬다운 후기,https://blog.naver.com/heyjoinn/223815235122,헤이조인의 꼼꼼한 뷰티노트⋆˚,blog.naver.com/heyjoinn,20250330,"매트립 추천 08 썬다운 후기 홀리카홀리카 멜팅블러립 팟 사진, 글 © 2025. hyejoinn 헤이조인 all right... 요즘 매트한 립 찾으시는 분들 많죠? 저도 그런 텍스처를 선호해서 이번에 HOLIKA HOLIKA 멜팅블러립팟... ",0,22,22
매트 립 후기,파워매트 립 펜슬 출시 및... 시코르 강남역점 팝업스토어 후기,https://blog.naver.com/barbisuhe/223214636921,피카뷰티,blog.naver.com/barbisuhe,20230918,"왔으니까용 후기 함께 보러가시죠 고고! 나스에서 이번에 파워매트립 펜슬을 출시하면서... 파워매트 립 펜슬 프로모션 나스 전품목 10% 할인, 신제품 5% 할인 (9/1~10일 까지) NEW 파워매트 하이 인텐시티 립펜슬... ",0,8,8
매트 립 후기,내돈내산 웜톤립스틱 추천 힌스 무드 인핸서 마뜨 매트립... ,https://blog.naver.com/yonil89/223950823273,감자씨,blog.naver.com/yonil89,20250729,사용후기를 가져왔어요 ! ✧⋄⋆⋅⋆⋄✧⋄⋆⋅⋆⋄✧⋄⋆⋅⋆⋄✧⋄⋆⋅⋆⋄✧ 내돈내산 웜톤립스틱 추천 힌스 무드 인핸서 마뜨 매트립 인디케이트 힌스 제품은 아이섀도우 제품으로 잘 쓰고 있던... ,0,2,2
매트 립 후기,롬앤 립매트 허쉬그레이프 토프던 쿨톤립스틱 vs 웜톤립스틱... ,https://blog.naver.com/youridalbit/223755958089,유리달빛의 뷰티톡톡!,blog.naver.com/youridalbit,20250211,"립매트 허쉬그레이프, 토프던 내돈내산 후기 사실 이거 말고도 롬앤 쿠션이랑 블러퍼지틴트 립펜슬... 이렇게 튜브 타입에 들어 있는 부드러운 매트 립스틱인데 립 프라이머 + 매트 립이라 입술 주름을 메꿔주며... ",0,5,5
매트 립 후기,롬앤 컬러립 매트 롬앤 02 허쉬그레이프 내돈내산 후기,https://blog.naver.com/thsqkfcjdruf/223799189816,조금은내멋대로,blog.naver.com/thsqkfcjdruf,20250317,"내돈내산 후기 결국 또 샀다 텍스쳐가 일단 미쳐서 또 살 수 밖에 없었음,, 이번에 구입한 색깔은 롬앤 02 허쉬 그레이프 난 쿨톤이 아니지만 단지 예뻐서 :) 롬앤 컬러 립 매트의 실제 출시된 컬러는 총 8가지... ",0,4,4
매트 립 후기,롬앤 컬러 립매트 허쉬 그레이프 &amp; 올드 체리 쿨톤립 추천,https://blog.naver.com/maize210/223751938906,살구블라썸,blog.naver.com/maize210,20250207,컬러 립 매트 후기를 가지고 왔어요!!! 롬앤 컬러 립 매트 02 허쉬 그레이프 / 04 올드 체리 프라이머처럼 입술 주름은 싹 메꿔주고 컬러는 채워주는 퍼티 텍스처 립이라고 해요! 요게 입술의 세로 주름을 펴준다고... ,0,2,2
매트 립 후기,나스 에어매트 울트라 립틴트 턴드온 + 돌체비타 내돈내산 후기,https://blog.naver.com/rhxowk82/223902077150,뚜리뚜리네,blog.naver.com/rhxowk82,20250617,나스 에어매트 울트라 립 틴트 턴드온 나스 에어매트 울트라 립틴트 턴드온 + 돌체비타 내돈내산 후기 화장을 자주 하거나 즐겨 하진 않는 나 ㅋㅋ 평소엔 거의 선크림만 바르고 다니는데.. 가끔 립이 사고 싶은... ,0,3,3
매트 립 후기,보송촉촉 벨벳 매트립 나어릴때 12가지 컬러 발색&amp;사용후기,https://blog.naver.com/chaarak/223726657085,이웃집 말랭이,blog.naver.com/chaarak,20250115,"평소 입술이 건조한 편이라 매트한 립스틱은 잘 못쓰는 편인데 매트한 질감이면서도 촉촉하게 바를 수 있다길래 써보게 된 나어릴때 벨벳 립스틱. 나어릴때 벨벳 립스틱은 총 12가지 컬러가 있는데 01 문릿, 02... ",0,5,5
매트 립 후기,매트 립틴트 3CE 헤이지 립... 내돈내산 후기 : 올리브영 틴트... ,https://blog.naver.com/yoimm/223228713876,YOMILOG,blog.naver.com/yoimm,20231005,"신상 매트 립틴트 3CE 헤이지 립 클레이 휩레드, 페인팅콧 내돈내산 후기 : 올리브영 틴트 추천 요즘 매트립 처돌이인 사람 나야 나 예뻐보이는 매트립이라면 다 쓸어담고 있는 와중에 3CE 신상 매트 틴트가 눈에... ",0,3,3
매트 립 후기,[화장품 후기] 롬앤 컬러 립 매트 후기,https://blog.naver.com/qweff92/223739018165,why so serious??,blog.naver.com/qweff92,20250126,롬앤 컬러 립 매트 내돈 내산 구입ㅎㅎ 새로 출시된 매트립! 주름 부각없이 주름을 매워 준다길래..... 참고로 전 봄라이트 입니다&gt;&lt; 후기 끝...너무 만족스럽다... 색조 화장품 산지 너무 오래 간만인뎈ㅋㅋㅋ... ,0,3,3
매트 립 후기,블러 립 틴트 05 쏘칠리 여름벨벳 신상 위위아뜰리에 매트립,https://blog.naver.com/777707777/223908147717,뷰티 인플루언서 윈디와이 ️,blog.naver.com/777707777,20250623,&quot;15그램을 통해 해당 업체로부터 제품을 무료로 제공받아 작성한 후기입니다.&quot; #타이니원더... 블러 립 틴트는 타이니원더가 선보인 벨벳 매트 립은 주름 사이까지 촘촘하게 메워주는 점이 가장 큰 특징이며... ,0,1,1
매트 립 후기,립힙 롱래스팅 립매트 립틴트 07소프트허그 사용 후기,https://blog.naver.com/eranwoehgck59835/223889916368,책벌레 나비,blog.naver.com/eranwoehgck59835,20250605,"안녕하세요, 오늘은 최근에 사용해본 립힙 롱래스팅 립매트 립틴트 07소프트허그에 대해 솔직한 후기를... 마지막으로, 립힙 롱래스팅 립매트 립틴트는 가격 대비 성능이 뛰어나니, 오랜 시간 지속되는 립 제품을... ",0,0,0
매트 립 후기,롬앤 매트 립 선라이트 비포선셋 2개째 쓰는 후기,https://blog.naver.com/dltngus99/223887212366,나 하고 싶은거 다해 ♡,blog.naver.com/dltngus99,20250603,"나의 데일리 립스틱 롬앤 매트 립 선라이트 비포선셋 매일매일 사용해서 후기를 남겨야겠다 생각하지 못했는데, 드디어 오늘 날을 잡고 후기를 써봅니다. 물론 내돈내산이죠. 2개째 사용하고 있는 내돈내산 롬앤... ",0,0,0
매트 립 후기,"롬앤 컬러 립 매트 신상 출시 정보 &amp; 전컬러 발색, 할인 헤택!",https://blog.naver.com/xelloss_2/223736742692,스킨케어 전문 뷰티 블로거 모찌,blog.naver.com/xelloss_2,20250124,안녕하세요 모찌입니다~ 오늘은 롬앤에서 1월 23일 새롭게 출시한 롬앤 컬러 립 매트 전색사 발색샷 보여드리면서 구매시 할인 혜택까지 한꺼번에 정리 해 보았어요! 주름을 메꿔주면서 퍼티한 컬러를... ,0,4,4
매트 립 후기,2024 올리브영 첫 세일에 산 롬앤 제로매트 립 후기!,https://blog.naver.com/gjjg5449/223375990134,잔똥구리의 일상 굴리기,blog.naver.com/gjjg5449,20240307,"있었어요ㅋㅋㅋㅋㅋ 그래서 구매한 롬앤 매트립 후기입니다! 요즘은 토끼혀립,물먹립이 유행이지만... ㅋㅋㅋㅋ 발색 ***저는 뷰티전문 블로거는 아니니 이 점 참고해주시고 매트립이라 일부러 립밤은 바르지... ",0,11,11
매트 립 후기,벨벳 매트 립틴트 에스투엔디... 플레닛 블러썸 틴트 발색 후기,https://blog.naver.com/hnluv1004/223730664679,얀나콩 뷰티Studio,blog.naver.com/hnluv1004,20250119,에스투엔디의 매트 립 틴트가 딱 마음에 들게 나왔어요 미스트롯 강혜연 님이 사용한다고 해서... 사용 후기 1분 뒤 착색된 입술 컬러 처음에만 예쁜 게 아니라 시간이 지나도 예쁜 색상이 입술 위에서 끝까지... ,0,18,18
매트 립 후기,"내돈내산 후기 감각적인 누드, 맥 립 틴트! 맥시멀 실키 매트... ",https://blog.naver.com/jdreamlv/223966011056,제이꿈 뷰티 일상,blog.naver.com/jdreamlv,20250811,편안한 매트를 원하는 분 •차분한 누드톤으로 분위기 있는 립 표현을 하고 싶은 분 •마스크에도 색이 잘 안 묻어야 하는 분 •알러지 걱정 없이 부드러운 질감의 립스틱을 선호하는 분 “타임리스 토프”... ,0,0,0
매트 립 후기,올리브영 립스틱 추천 촉촉한 모카무스 립 (+ 신상 매트립),https://blog.naver.com/youridalbit/223750142061,유리달빛의 뷰티톡톡!,blog.naver.com/youridalbit,20250206,"매트 립 중에서는 '롬앤 립매트 토프던' 골라봤는데 이건 아직 올리브영에 입점되지 않았으니 참고해주세요. 또 다른 올리브영 추천템들... 몇 개째 재구매한 올리브영 추천템들, 공병 후기는 이전 포스팅... ",0,5,5
틴트 후기,"지속력좋은틴트 추천, 촉촉한... 쉽게 바르는 워터틴트 후기",https://blog.naver.com/csar/223964928178,❣시작하는 사람의 시작하는 blog,blog.naver.com/csar,20250809,자연스럽게 연출되며 촉촉함과 오랜 지속력을 남겨주지 않을까 싶다. 바르기 편하고 예쁜 컬러의 틴트를 찾으시는 분들에게 리베리블틴트추천드리면서 후기는 여기서 마치도록 하겠다. 언빌리버블한 틴트,0,0,0
틴트 후기,다이소 립타투 로즈티커 오래남는 착색 틴트 화장품 후기,https://blog.naver.com/qmffnrhdwn/223969599754,꽃다운제이나,blog.naver.com/qmffnrhdwn,20250813,"오늘은 진짜 너무 재미있게 써본 틴트 후기를 하나 들고 왔어요. 바로 다이소에서 구매한 다이소 립타투... 저는 사실 이런 필오프형 틴트를 예전에 한두 번 써본 적은 있었지만, 그때는 색감이나 질감이 조금... ",0,5,5
틴트 후기,베네피트 차차틴트 내돈내산 n번째템 발색후기,https://blog.naver.com/wkenejrgn/223372480958,"나의 자두빛인생 : 뷰티 , 일상로그",blog.naver.com/wkenejrgn,20240304,차차틴트 개봉후기 써볼게요!! 사실 뭐.. 별거 없긴해요ㅋㅋ 딱히 포장이 멋지게 되어있는 것도 아니고... +++++ 내용 추가 +++++ 제가 베네피트 차차틴트 후기 쓰고나서 같이 바른 베이스 제품 뭔지 쪽지가 많이... ,0,6,6
틴트 후기,롬앤 더 쥬시래스팅 틴트 핑크펌킨 &amp; 도토리밤 웜톤 실제 발색후기,https://blog.naver.com/wo__gus_63/223716141967,CHITTO's 데일리로그,blog.naver.com/wo__gus_63,20250106,이렇게 구입한 김에 너무나도 잘쓰고도 있고해서 발색후기 한번 남기러 왔습니당! 보여드리는 김에 제 출근 겟레디윗미까지 함께 시작해볼게여 ㄱㄱㄱ 우선 이번 롬앤 쥬시래스팅 틴트는 좀 더 광택감이... ,0,0,0
틴트 후기,다이소 화장품 클리오 지속력 甲 틴트 후기,https://blog.naver.com/c_c_f_7010/223425524284,찰떡모찌의 오늘 모모찌 모바르찌♥,blog.naver.com/c_c_f_7010,20240424,종종 보면 모르는것도 많겠지만 어퓨도 있고 투쿨포스쿨도 있고 오늘 제가 소개할 틴트는 유명한... 다이소 트윙클팝 퓨어 글래서 틴트는 1호에서 5호까지 있는듯 하드라구여 쿨톤인 제가 선택한 촉촉광택 틴트는... ,0,0,0
틴트 후기,롬앤 팝업 기간 세상에서 제일 이상한 틴트 후기 (+ 쿠션... ,https://blog.naver.com/jungeun9019/223899695925,mini's Lip,blog.naver.com/jungeun9019,20250615,이상한 틴트 후기 (+ 쿠션 블러셔까지 총 리뷰) 성수 팝업 스토어로 난리난 롬앤 팝업 다녀왔어용 예쁘게 입구 방문했는데 무색하지 않게 포토존이 많이 있더라구요. 사진 왕창 찍어온 후기 소개해드릴게요. 롬앤... ,0,11,11
틴트 후기,권은비 워터밤 틴트 토니모리 퍼펙트립스 쇼킹립 틴트후기,https://blog.naver.com/totquf9302/223975002429,씽씽 달려라 씽별부부,blog.naver.com/totquf9302,20250818,권은비 워터밤 틴트 솔직 사용후기 안녕하세요! 씽별입니다. 오늘은 물놀이 시 사용할 립을 찾다가 립 타투 말고도 간단리 사용할 틴트로 구매한 토니모리 퍼펙트립스 쇼킹립 틴트를 소개해드릴게요. 사실 저는... ,0,2,2
틴트 후기,화정 속눈썹펌 추천 첫방문 할인 헤이데이브로우 블랙틴트후기,https://blog.naver.com/hyemime_/223976471206,Heymime: 먹은만큼기로그,blog.naver.com/hyemime_,20250820,좋다는 틴트펌이 있어서 도전해 봤어요 헤이데이브로우 영업시간: 매일 09:00-20:30 전화번호: 0507-1355-8167... 블랙틴트펌이에요 블랙틴팅펌이 코팅을 하는거라면 틴트는 염색을 해서 진하고 또렷한 느낌이 4주... ,0,2,2
틴트 후기,내돈내산 딘토 틴트 쿨톤人 파시오 &amp; 보눔 솔직후기,https://blog.naver.com/closer75/223689671824,썸머의 일상다반사,blog.naver.com/closer75,20241211,"얹어져서 전 딘토,, 앞으로도 계속 살 거에요 무튼! 이번에 산 틴트 후기 남기며 제 루틴까지 공유해 드렸는데 다들 꼬옥 따라해 보시길 바라며 오늘은 여기서 폿팅 끝내보도록 할게요 후기는 댓글로 고고링 &lt;3",0,0,0
틴트 후기,"틴트 립밤 추천! 힌스 로글로우 젤틴트, 듀이볼 섀도우 득템 후기",https://blog.naver.com/qmfosej/223884939890,뷰티 데일리 @이람님,blog.naver.com/qmfosej,20250601,젤틴트 후기까지 남기러 왔답니다!*_&lt; 팝업 선런칭 대란템 답게! 이번 힌스 로 글로우 듀이볼 기획세트와 섀도우 기획세트는 패키지부터 넘 영롱하고 예뻤는데요..&gt;.&lt; 그 중에서도 전 로 글로우 젤 틴트 16 로... ,0,16,16
틴트 후기,"디아엘뷰티, 수분가득 블랙틴트 케라틴 스페셜펌 후기",https://blog.naver.com/dlthdus6902/223924862649,Seize the Day,blog.naver.com/dlthdus6902,20250707,"수원 인계동 속눈썹펌 맛집 디아엘뷰티, 스페셜펌(블랙틴트 + 케라틴) 후기 매번 속눈썹펌을 하다가 속눈썹에게 휴식을 주고자 약 2달 반 정도 쉬다가... 요즘 밋밋한 눈이 거슬려서 방문한 디아엘뷰티!  1:1... ",0,11,11
틴트 후기,무지개맨션 오브제 리퀴드 11호 포이즈 올리브영 틴트 사용 후기,https://blog.naver.com/oyssoa/223820203107,지금은 걸어가는 중,blog.naver.com/oyssoa,20250403,오늘은 올리브영 틴트인 무지개맨션 오브제 리퀴드 틴트의 사용 후기를 작성해 봤는데요. 이번에... 매트 틴트 추천 제품을 찾으시는 분들에게 괜찮은 제품이라고 생각해요. 3. 올리브영 틴트 후기 무지개맨션... ,0,5,5
틴트 후기,"다이소 립타투 핑크티커 2호 후기, 본셉 틴트 지속력은?",https://blog.naver.com/486xhxh/223954382459,쥔이로그 : 뷰티&패션&팝업,blog.naver.com/486xhxh,20250731,"&quot;다이소 립타투 핑크티커 2호 후기, 본셉 틴트 지속력은?&quot; 안녕하세요! 쥔이입니다:) 평소 다이소에 가면 늘 궁금하게 보던 립타투 시리즈가 있었어요. 특히 유독 핑크티커 2호만 매대에 남아 있어서 어떤... ",0,2,2
틴트 후기,후기 근데 이제 클리오 해리포터 클리스탈 글램 틴트 후기를... ,https://blog.naver.com/hjinjin01/223791455274,Escape this world,blog.naver.com/hjinjin01,20250311,크리스탈 글램 틴트 ZONE 틴트 레시피 게임이래요 그냥 간단한 색 맞추기 느낌임 틴트 색에 맞는... 저는 미니소 후기로 돌아올게요 더 생생한 리뷰가 궁금하시다면 유튜브 쇼츠도 많이 봐주세요,0,12,12
틴트 후기,"안지워진 룩픽스 립타투 립틴트  코랄, 레드 마커틴트 사용후기",https://blog.naver.com/csar/223677518989,❣시작하는 사람의 시작하는 blog,blog.naver.com/csar,20241203,사실 틴트 후기인지 유성매직 후기인지 글을 쓰고 있는 나 스스로도 헷갈릴 정도로(물론 넝담반) 지속력이 엄청난 틴트 하나를 발견했다. 바로 룩픽스 Luk Fixx 립 타투 립틴트 라는 제품. 이름에 립 타투 라는 말이... ,0,1,1
틴트 후기,삐아 글로우 틴트 웜톤? 쿨톤? 톤궁예 저격 로지보틀 발색후기!,https://blog.naver.com/ramii0226/223552869551,동글이 라미 블로그,blog.naver.com/ramii0226,20240819,그래서 안 사기로 마음 먹은 기념 마지막으로 산 삐아 글로우 틴트 후기를 지금 남겨보려고 합니다!! 한동안 없을 거예요. 저 진짜 진지합니다. 제가 최근에 산 립 중에서 이 삐아 글로우 틴트가 진심 제일 예쁜 것... ,0,0,0
틴트 후기,rhode 헤일리비버 로드 폰케이스 립틴트 직구 후기,https://blog.naver.com/jiny_home/223523377779,SALON DE J.,blog.naver.com/jiny_home,20240724,"감각적인 디자인의 rhode 폰케이스, 립틴트 후기 및 공홈 이용 팁도 있으니 집중해서 봐주세요 :D... 산 틴트를 끼워 넣으니 유니크함 그 잡채.. (기존의 rhode 펩타이드 립 트리트먼트와도 호환... ",0,8,8
틴트 후기,"립티크 뉴테 립타투 틴트 (립티커), 올리브영 입점세일 Pick 후기",https://blog.naver.com/ians211/223828565042,밍야씨의 즐거운 덕질라이프,blog.naver.com/ians211,20250410,"착색 틴트인데요, 바르고 떼기만 하면 묻어남 없이 24시간 컬러가 지속되어서 립 타투 틴트라고도... 있었던 분들은 근처 매장에서 꼭 만나보시길! 그럼 밍야씨 오늘의 립타투틴트 후기는 여기서 마칠게요, 안녕! &amp;",0,4,4
틴트 후기,템 웜톤이 쓰기 좋은 립 타투 맥스클리닉 플럼핑 립 틴트 후기,https://blog.naver.com/ahyo22-/223967197241,냠냠한 일상,blog.naver.com/ahyo22-,20250811,해서 후기 포스팅 들고 왔어요. 그럼 플럼핑 효과 좋은 맥스클리닉 립 틴트 후기 시작할게요. 맥스클리닉 립 타투 팩 구성 높은 지속력과 플럼핑 효과로 유명한 맥스클리닉 립 틴트는 네이버 스마트 스토어에서... ,0,1,1
틴트 후기,코랄헤이즈 글로우즈락 자물쇠 틴트 신상 컬러 후기,https://blog.naver.com/cendy99/223868610425,강냉이 블로그,blog.naver.com/cendy99,20250523,"코랄헤이즈 글로우즈락 틴트 작년에 독특한 디자인으로 눈길을 끌었고, 컬러도 예뻐서 한번 소개해... 들어요 틴트 후기가 참 쓰기가 어려운 게 - 컬러라는 게 눈으로 보는 것과 카메라로 찍는 게 느낌이 좀... ",0,5,5
틴트 후기,"입술도 꿀먹립으로! 레이디비즈 글로시 틴트, 내돈내산 솔직 후기",https://blog.naver.com/sorangmom-/223972548956,"룰루랄랄,오늘도 괜찮은 하루였어",blog.naver.com/sorangmom-,20250816,"거울 볼 시간도 없는 우리에게 꼭 필요한 레이디비즈 시티걸 무드 컬렉션 글로시 틴트 후기입니다! 저도 처음엔 &quot;뭐, 틴트가 다 똑같지.&quot;라고 생각했어요. 하지만 육아와 직장을 병행하면서 메이크업에 투자할... ",0,5,5
틴트 후기,코코가가 다이소 틴트 시크냥 발색후기,https://blog.naver.com/softsummer-/223730618507,배티 블로그,blog.naver.com/softsummer-,20250119,"벨벳 틴트 후기를 남겨보려고 해요! 코코가가 그루밍 벨벳 틴트 4g / 3,000원 나름 소신발언 하자면,, 가격대비 퀄리티 좋은 건 맞지만 여름뮤트톤인 저에게는 컬러가 찰떡 같은 게 없다 보니 솔직히 ^^) 구매가 훅... ",0,1,1
틴트 후기,신상 올리브영 틴트 추천 3단광틴트 라카 맥시글레이어틴트 후기!,https://blog.naver.com/qmfosej/223916382838,뷰티 데일리 @이람님,blog.naver.com/qmfosej,20250630,오늘은 올리브영 신상 틴트 라인업 중 요즘 제일 핫한 그 제품! 바로 라카 맥시 글레이어 틴트 후기를... *_&lt; 그럼 오늘 이렇게 올리브영 틴트 신상 후기를 남겨보았는데 어떠셨나요! 라카 맥시 글레이어 틴트는... ,0,15,15
틴트 후기,딘토 블러글로이 립 틴트 207 피덴티아 봄웜라이트 발색 후기,https://blog.naver.com/duckat_beauty/223743515365,덕캣뷰티,blog.naver.com/duckat_beauty,20250131,"립 틴트 후기를 가지고 왔습니다! 전 딘토 블러글로이 립틴트 205 유스타티아를 올리브영 세일때 구매해서 매우 잘 쓰고 있었는데요, 이번에는 살짝 더 채도가 높고 웜톤에 가까운 207 피덴티아 컬러 후기를... ",0,0,0
틴트 후기,립틴트추천 퍼스널컬러 맞춤 무니 립틴트 후기,https://blog.naver.com/tjcokr/223753400556,돼미 블로그,blog.naver.com/tjcokr,20250209,"협찬 립틴트추천 퍼스널컬러 맞춤 무니 립틴트 후기 구매링크는 가장 마지막에 나는 진짜 다 포기해도 못 포기하는 두가지! 입술, 속눈썹. 진짜 입술 안바르면 나뿐만 아니라 누구나.. 아파보인다. 예전에는... ",0,5,5
틴트 후기,다이소 손앤박 틴트 자연광 발색후기 #내돈내산,https://blog.naver.com/wkenejrgn/223507791984,"나의 자두빛인생 : 뷰티 , 일상로그",blog.naver.com/wkenejrgn,20240710,"[내돈내산, 제돈제산] 오늘은 다이소 손앤박 틴트 후기를 가져왔습니다! 주변에서도 다들 인정하는... 손앤박 틴트 발견! 제가 딱 원했던 컬러마저도 품 절이긴했지만 그래도 다른 컬러들도 다 예쁘더라구요... ",0,4,4
틴트 후기,DIY파운데이션 noon:Ker 베이스 스킨 틴트 2종 사용 후기,https://blog.naver.com/colorful_since2014/223974033573,컬러풀한 뷰티이야기,blog.naver.com/colorful_since2014,20250818,DIY파운데이션 ✨ noon:Ker 베이스 스킨 틴트 2종 사용 후기가지고 왔어요 어울리는 베이스 색상 찾기 어렵잖아요? 그리고 저는 겨울~봄 여름~가을 피부색이 달라요 봄 후반부터 가을 초까지 출퇴근만해도 햇빛에... ,0,0,0
틴트 후기,"라카 맥시 글레이어 틴트 602.버니, 라카 팝업스토어 후기",https://blog.naver.com/memoxp/223972721521,The things i choose.,blog.naver.com/memoxp,20250816,그 중에서도 제 마음을 완전히 사로잡은 건 이번에 새로나온 맥시 글레이어 틴트 602. 버니(Bunny)... ㅎㅎㅎ 여러분들고 구매하시게되면 후기 꼭 알려주세용  라카 프루티 글램 틴트 후기 보러가기,0,1,1
틴트 후기,신림 속눈썹펌 예뻐지나 속눈썹펌 블랙틴트 후기,https://blog.naver.com/dlwldms782/223769819190,여행 짜는 여자_토토,blog.naver.com/dlwldms782,20250222,예뻐지나 속눈썹펌 블랙틴트 후기 예뻐지나 요즘 속눈썹이 눈을 너무 찌르기도 하고 건조하기도 하고... 나는 이번에 신림 속눈썹펌과 함께 블랙틴트 시술도 진행했다. 보통 블랙틴팅을 많이 하는데 블랙틴팅은... ,0,1,1
틴트 후기,클리오 블러 틴트 애플드롭... 키링 기획 세트 내돈내산 후기,https://blog.naver.com/jimony/223965779927,어반차차's 꿀팁 저장소 :),blog.naver.com/jimony,20250810,내돈내산 후기였어요~ #클리오블러틴트 #애플드롭106호 #clio틴트 #올리브영기획세트 #포키키링... 올리브영득템 #틴트추천 #레드립추천 #블러틴트후기 #쿨톤립추천 #올리브영세일 #가성비틴트 #틴트맛집... ,0,4,4
틴트 후기,"하이퍼 듀이 립틴트 핑크 실루엣, 모브다이브 등 전색상 발색 후기",https://blog.naver.com/ians211/223819727595,밍야씨의 즐거운 덕질라이프,blog.naver.com/ians211,20250402,"그런데 이번에 딱 제 취향을 저격한 립 틴트를 만났어요. 바로 타이니 원더 하이퍼 듀이 립틴트!... 저도 다음엔 어떤 조합으로 써볼지 고민 중이에요. 그럼 오늘의 타이니원더 립틴트 후기는 여기까지, 안녕!",0,1,1
틴트 후기,[정릉/속눈썹] 살롱더함 브로우_블랙틴트펌 후기! 성북구... ,https://blog.naver.com/mango8tango/223960263675,말랑말랑 life,blog.naver.com/mango8tango,20250805,처음으로 마스카라가 필요없는 블랙틴트펌을 해봤어요. 블랙틴트펌은 속눈썹을 블랙으로 염색해서 마스카라 없이도 눈이 또렷해지는 속눈썹펌이에요! 살롱더함 브로우는 메가커피 건물 2층에 위치해있어요.... ,0,1,1
틴트 후기,투에이엔  써머컬렉션 하이라이터 블러셔 틴트 후기,https://blog.naver.com/cendy99/223880639948,강냉이 블로그,blog.naver.com/cendy99,20250530,"블러셔, 틴트 후기를 가져왔어요 화사한 컬러들이 다가올 계절과 참 잘 어울렸답니다. 사실 전 투에이엔... 그래서 여름메이크업 신상 찾는 분들에게 올영추천템으로 소개하고 싶어요 하이라이터, 블러셔, 틴트... ",0,6,6
틴트 후기,다이소 틴트 본셉 틴트 살몬 워터 후기,https://blog.naver.com/mmonjoo2/223856715890,몽주의 블로그,blog.naver.com/mmonjoo2,20250506,오늘은 다이소 틴트 후기 ! 다이소에 신상이 워낙 저렴한 값에 이거저거 나오다 보니 궁금한 마음에 하나씩 사보는 게 좀 많은데 - 그 중에 하나가 지금 후기 쓰는 본셉 틴트 살몬워터입니다 ㅋㅋ 토니모리 세컨... ,0,0,0
틴트 후기,흰머리 새치커버마스카라 세븐에이트 새치커버틴트 후기,https://blog.naver.com/1xxna/223960659491,찰칵찰칵 끄적끄적,blog.naver.com/1xxna,20250806,새치커버틴트! 흰머리 새치커버마스카라 세븐에이트 새치커버틴트 후기입니다. 요렇게 마스카라처럼 되어있어서 사용도 편하고 4가지 단백질로 모발의 생기와 윤기 영양까지 챙길 수 있어요. 흰머리... ,0,0,0
틴트 후기,틴트 추천 촉촉한 물먹st 레미유 듀이플로우틴트 후기,https://blog.naver.com/qmfosej/223713555642,뷰티 데일리 @이람님,blog.naver.com/qmfosej,20250103,지속력 좋은 안지워지는 틴트 추천 촉촉한 물먹st 레미유 듀이플로우틴트 후기 안녕하세요 여러분... 그래서 오늘은 안지워지는 틴트를 찾고 계신 분들을 위하여 저만의 잇템 후기를 소개드리러 왔어요 레미유... ,0,14,14
틴트 후기,"립틴트 205 유스타티아 내돈내산 후기, 봄웜라이트 틴트 추천",https://blog.naver.com/duckat_beauty/223596544952,덕캣뷰티,blog.naver.com/duckat_beauty,20240925,오늘은 딘토 블러글로이 립틴트 205 유스타티아 컬러 후기를 가져왔답니다! 컬러감 정말 예쁘고... 연하게 바르면 자연스러운 내 입술색인 척 가능 ✅ 다른 컬러들도 궁금해짐 내돈내산 딘토 틴트 후기였습니다!,0,5,5
틴트 후기,올리브영추천 투에이엔 팔레트 블러셔 틴트 후기,https://blog.naver.com/cdalove/223962841082,천블리네 맛있는하루,blog.naver.com/cdalove,20250807,"팔레트도, 블러셔도, 틴트도 다 너무 마음에 들었어요. 후기는 당연히 써야죠! 올리브영추천 투에이엔 팔레트 블러셔 틴트 후기 근처에 약속이 있어서 갔다가 시원하게 에어컨 나오는 올리브영 양산범어점에... ",0,6,6
틴트 후기,올리브영 추천 롬앤 블러 퍼지 틴트 언로즈 내돈내산 솔직후기,https://blog.naver.com/mun7316/223958929822,2020y,blog.naver.com/mun7316,20250804,일단 색상이 정말 마음에 듭니다!! 그러니 뭔가를 먹는다 하면 자주 거울보고 덧발라주시며 사용하시길 권장!! #내돈내산솔직후기 #롬앤블러퍼지틴트후기 #롬앤언로즈틴트발색후기 #올리브영추천틴트솔직후기,0,1,1
틴트 후기,"에스쁘아 꾸뛰르 립틴트 글레이즈 언더모브, 오드코랄 후기... ",https://blog.naver.com/yoimm/223954897343,YOMILOG,blog.naver.com/yoimm,20250801,"에스쁘아 꾸뛰르 립틴트 글레이즈 언더모브, 오드코랄 후기 - 진저피치, 핑키로우키, 칠링칠링 발색 비교 이번에도 생일 때 받은 선물 중 하나인 에스쁘아 틴트 후기를 들고 왔습니다♀️ 에스쁘아 꾸뛰르... ",0,0,0
틴트 후기,포근픽싱틴트 10호 너뮤설레핑크&amp;3호 이게사랑아님뭔데 후기... ,https://blog.naver.com/yangeunb/223920693863,은비의 블로썸 뷰티 & 패션✨,blog.naver.com/yangeunb,20250704,안녕하세요 여러분 은비에옹 어제 올리브영 X 산리오 후기 간략하게 들고왔었는데요 롬앤 틴트에... 포근픽싱틴트 후기는 여기까지고욥 올리브영 산리오 콜라보 내돈내산 후기들 더 보고싶으시다면 아래... ,0,3,3
틴트 후기,"새치커버스틱 찾는 30대, 모두봄 올데이 헤어틴트 후기",https://blog.naver.com/pureyuriboa/223964791056,★,blog.naver.com/pureyuriboa,20250810,"Cosmetic Review 새치커버스틱 모두봄 올데이 헤어틴트 새치커버스틱 찾는 30대, 모두봄 올데이 헤어틴트 후기 30대 초반까지만 해도 가끔 한두 가닥 보이던 흰머리가 서른 중반이 되자 한 번에 모여서 올라오기... ",0,6,6
틴트 후기,지속력좋은틴트 추천) 입술에 착붙! 로지드립 타투틴트 후기,https://blog.naver.com/manami1004/223880205776,"전시공연, 오유♥",blog.naver.com/manami1004,20250528,로지드 립 메이크업 추천 지속력좋은틴트 찾는다면? 보송+촉촉 다 되는 로지드립 타투틴트 &amp; 립오일 리뷰 매일 립 제품을 사용하는 사람이라면 누구나 한 번쯤 겪어봤을 고민하는 부분일텐데 &quot;아침에 예쁘게... ,0,1,1
틴트 후기,클리오 해리포터 콜라보 글램틴트 구매후기,https://blog.naver.com/hjmoon01/223789894936,YURIHYANG,blog.naver.com/hjmoon01,20250309,클리오 해리포터 콜라보 글램틴트 구매후기 할일이 있어서 PC를 켠 김에 적어보는 간단 클리오 해리포터 콜라보 틴트 후기. 얼마 전에 클리오 해리포터 콜라보 나온다고 해서 동생이랑 같이 기다리고... ,0,5,5
틴트 후기,오아드 립티크 4개월 사용한 내돈내산 틴트 후기,https://blog.naver.com/uppu_uppu_uppu/223664498278,어푸어푸어푸,blog.naver.com/uppu_uppu_uppu,20241118,오야드 홈페이지에서 1+1으로 구매 후 4개월 사용한 내돈내산 틴트 후기를 시작해 보겠습니다. 색상 001.... 내돈내산 후기 제가 직접 사용해 본 결과 발랐을 때 입술에 착색되는 느낌이 확실하게 들었어요.... ,0,2,2
틴트 후기,탕후루탱글틴트 수줍구아바 (잔망베리 컬러 비교) 내돈내산 후기,https://blog.naver.com/ellen1110/223671562470,빛나는 순간,blog.naver.com/ellen1110,20241124,오늘은 컬러그램X누누씨 콜라보 제품 중 탕후루탱글틴트 수줍구아바 리뷰입니다. 지난번 컬러그램... 없이 약간 차분한 핑크톤을 찾으신다면 수줍구아바 추천드려요! 이상 내돈내산 탕후루탱글틴트 후기였습니당,0,12,12
틴트 후기,여쿨피부 립템 추천: 라카 프루티글램틴트 105콜드 발색 후기!,https://blog.naver.com/vpfl1521/223498037735,베리와 함께하는 ♡,blog.naver.com/vpfl1521,20240701,새로운 틴트를 찾다가 친구추천으로 사게된 여쿨틴트 라카프루티글램틴트 후기입니다... 한번 써보고 싶더라구요 아무튼 뭐 기대보다는 만족스러운 여름쿨톤틴트 라카 프루티글램틴트105호콜드 후기입니다!,0,7,7
틴트 후기,3ce 틴트 블러 워터 틴트 &amp; 여쿨추천템 후기,https://blog.naver.com/ddubbi0506/223959497385,뚜비의 뚜비뚜바,blog.naver.com/ddubbi0506,20250805,바로 3ce 틴트! 호호 제가 사실 20대초중반 제일 많이 썼던 틴트를 꼽자면.. 바로 3ce 틴트가 아닐까 싶은데요 요 아이는 겉은 보송하고 속은 촉촉한 겉보속촉의 정석이라고 보시면 될거같아요 원래 예전에 쓰던 3ce... ,0,0,0
틴트 후기,다이소 본셉 립타투 스티커 안지워지는 틴트 후기,https://blog.naver.com/doublesholdings/223905756479,뷰티 패션에 진심인 뷰리진,blog.naver.com/doublesholdings,20250620,"그럴때 쓰기 좋은 안지워지는 틴트로 딱이더라고요. 사용해본 후기까지 제대로 알려드릴게요! 바르고... 다이소 본셉 립타투 스티커 안지워지는 틴트 후기를 알려드리자면, 착한 가격에 예쁜 컬러를 하루종일... ",0,6,6
립 메이크업,"6월 올영세일 추천템 토리든 립 에센스, 립메이크업 전 필수... ",https://blog.naver.com/siehl/223873642479,다랑의 뷰티양x플레이군,blog.naver.com/siehl,20250531,안녕하세요 뷰스타 다랑입니다 :D 오늘은 립 메이크업 전 후 필수 립 케어템! 토리든 솔리드인... 솔리드인 립 에센스는 메이크업 샵에서도 애용하는 립 케어템이라는 점! 왜 메이크업 쌤들이 사용하시는지 알... ,0,0,0
립 메이크업,갈웜신 청하 메이크업 후기.. (가을웜톤 립&amp;블러셔 토니모리... ,https://blog.naver.com/qmfosej/223826630113,뷰티 데일리 @이람님,blog.naver.com/qmfosej,20250408,하면서도 립 색깔과 블러셔 색깔이 오묘하게 제 분위기와는 그리 잘 믹싱되지 않는 느낌이 들었거든요.. 분명 과즙미 팡팡한 느낌을 원했는데 완성하고 나니 어딘가 모르게 꼬질해보이는 웜톤 메이크업이... ,0,22,22
립 메이크업,오버립 메이크업 단점은 가리고 장점은 부각시켜 그리는 법,https://blog.naver.com/todrlclfm97/223848119409,평범한듯 특별한 우리,blog.naver.com/todrlclfm97,20250427,"오버립 메이크업 뿐만아니라 어떤 메이크업이던 안어울릴까 싶지만 조금 화려하고 강한느낌의... 이건 취향껏 발라주면 됩니다 ㅎㅎ 그다음, 립 라이너로 내가 원하는 만큼 입술선을 새로 그려줍니다. 너무... ",0,0,0
립 메이크업,하이드 앤 핏 립펜슬 추천 아이돌들 많이 한다는 오버립 메이크업,https://blog.naver.com/minimouse24/223883399572,빵긋의 데일리스토리,blog.naver.com/minimouse24,20250530,아이돌들도 메이크업으로 예쁜 오버립을 그린다는 사실 알고 계셨나요? 포렌코즈에서 신상 립펜슬이 출시됐는데 픽싱도 잘되고 부드럽게 그려져서 오버립 메이크업 좋아하신다면 딱이더라구요. 포렌코즈 누가... ,0,1,1
립 메이크업,올리브영 립라이너 추천 컬러그램 오버립 메이크업 내돈내산!... ,https://blog.naver.com/kiddy28/223781140577,녜지니 뷰티패션일기장,blog.naver.com/kiddy28,20250302,쓰는 립 컬러에 맞춰 골라주시면 됩니다. 저는 봄웜이라 집에 가지고 있는 립제품의 90%는 피치... 그런 메이크업이 유행이니까 ㅎㅎ 꽤나 자연스러운 오버립 메이크업인 듯. 립라이너와 컬러틴트 사이에 매트... ,0,6,6
립 메이크업,휴미 멜팅 글레이즈 립과 글로우 온 팔레트로 여름 메이크업 완성,https://blog.naver.com/sbe124/223960953926,신귤의 뷰티로그,blog.naver.com/sbe124,20250806,글로시한 립 메이크업! 이 모든 트렌드를 딱 맞출 수 있는 립과 아이 메이크업 세트를 가져왔다! 바로 휴미의 멜팅 글레이즈 립과 글로우 온 팔레트 상큼한 핫핑크 색상의 박스에 휴미의 멜팅 글레이즈 립 6종과... ,0,3,3
립 메이크업,맥 립펜슬 립라이너 서브컬쳐 추천 내돈내산 오버립 메이크업,https://blog.naver.com/lds9525/223720304563,마이뚜의 안녕 뷰티 (ft. 고양이),blog.naver.com/lds9525,20250109,소개 자연스럽게 립 라인을 정리할 수 있을 뿐만 아니라 도톰한 오버립 메이크업까지도 완벽하게 해낼 수 있는 맥 립펜슬 립라이너는 총 19가지의 색깔을 갖고 있는데 그 중에서 나는 가장 많이들 사용한다는... ,0,0,0
립 메이크업,"립 메이크업 용어 MLBB Gloss Matte, 얼굴 T존 U존 O존... ",https://blog.naver.com/kt1773kt/223948946980,피부이야기유 YOU,blog.naver.com/kt1773kt,20250818,립 메이크업은 페이스 메이크업 (Face Makeup)의 점정이라고 볼 수 있어요. 입술 화장은 화장하는... 주제인 립 메이크업 관련 영어 용어에 대해 알아볼게요. → MLBB(엠엘비비) 엠엘비비는 마이 립 벝... ,0,2,2
립 메이크업,끌레덤 립타투 오버립 만들어 중안부 축소 메이크업 도전해 봄,https://blog.naver.com/lsmsu13/223910233844,It's 수교 life,blog.naver.com/lsmsu13,20250624,끌레덤 엑스퍼트 오버-립핏 립타투 요즘은 또 중안부 축소 메이크업이 굉장히 유행이더라고요?! 그래야 좀 더 동안으로 보인다면서요!! 어려 보이는 중안부 축소를 위한 혁신적인 입술라인 교정 립 메이크업... ,0,3,3
립 메이크업,"인 립 에센스 트리플 한정 기획,6월 올리브영 세일 립 메이크업... ",https://blog.naver.com/babyhailey/223883390787,헤일리 데일리,blog.naver.com/babyhailey,20250531,립 메이크업 위에 수시로 얹어주는 방법도 있어요 이것은 립스틱을 전체적으로 바른 다음 토리든 립 에센스를 토퍼처럼 활용한 모습! 립스틱 위에 올려도 자연스럽게 스며들죠? 그날그날 메이크업에 따라... ,0,8,8
립 메이크업,히엘 촬영 메이크업 - 신부 촬영 립 메이크업,https://blog.naver.com/hm4570/223973757533,빛나는햄찡의 빛나는 하루,blog.naver.com/hm4570,20250818,"히엘 신부 메이크업 립 메이크업을 받다 (진짜 꿀조합 너무 예쁨 주의) 개인적으로 화장의 키 포인트는... 전체적인 인상을 좌지우지 하는, 메이크업의 느낌을 좌지우지하는 게 립 컬러 색이라고 생각해서... ",0,1,1
립 메이크업,오버립 강조한 데일리 10분 메이크업 (인생템 대거등장),https://blog.naver.com/sunkjydbgn/223677906905,제이와이 뷰티♥,blog.naver.com/sunkjydbgn,20241130,오버립 메이크업 더샘 커버 퍼펙션 립 펜슬 2호 로지 진짜 완전 쌩얼일때는 대충 틴트 바르고 음파음파하며 끝내는데 조금이라도 메이크업 제품을 사용한 날엔 오버립 메이크업 포기 못해요 ㅋ_ㅋ 립펜슬은 거의... ,0,1,1
립 메이크업,포렌코즈 누가 하이드 앤 핏 립펜슬로 오버립 메이크업!... ,https://blog.naver.com/phj3000kr/223871068215,Beautiful You,blog.naver.com/phj3000kr,20250519,"아이돌 메이크업샵 JOY187의 협업으로 개발된 제품! 아이돌 립 메이크업하면 오버립 메이크업을 빼놓을... 전체적으로 차분하게 누른 듯한 컬러감들이 넘예,, 특히 01 플레인 누가와 06 피그 누가는 립 베이스로... ",0,1,1
립 메이크업,2025 멧갈라 립 컨투어링 열풍!... 선택한 메이크업 트렌드,https://blog.naver.com/donas_donut/223861297260,라이프스타일 몬스터,blog.naver.com/donas_donut,20250510,립 컨투어링 메이크업에 진심이라면 도이치를 빼놓고 도이치 sns 말할 수 없죠! 도이치는 이번 멧갈라에서 다크 체리 컬러를 활용해 그 누구보다 관능적이고 강렬한 입술을 선보였어요! 그의 립 메이크업은 딥... ,0,3,3
립 메이크업,"올영어워즈 립메이크업 1위,2위,3위 4개 발색 #베어그레이프... ",https://blog.naver.com/siehl/223679341422,다랑의 뷰티양x플레이군,blog.naver.com/siehl,20241202,구경하는데 립 메이크업에 있는 4종 제품을 제가 전부 가지고 있더라구요 그래서 제 입술에서의 발색... 투명한 메이크업을 할 때 유용해요 물론 컬러마다 발색이 다르지만! 전체적으로 여리여리~해서 정말... ,0,2,2
립 메이크업,롬앤 더 쥬시래스팅 틴트 벚꽃메이크업 립으로 딱이네,https://blog.naver.com/jetchoi/223835771960,❤️슈이니뷰티❤️,blog.naver.com/jetchoi,20250416,오늘은 #벚꽃메이크업 립 메이크업으로 잘 어울릴만한 롬앤 더 쥬시래스팅 틴트 가져와봤고요. 두 개는... 그냥 막 발라도 주름 끼임 각질 부각 없어서 데일리로 휘뚜루마뚜루 가장 잘 사용하는 립 틴트가 바로... ,0,8,8
립 메이크업,샤인 립 누드 버프로 ! 립스틱 추천 서옥 메이크업 클래스 후기,https://blog.naver.com/marcella0401/223732068696,쏭이의 뷰티로그,blog.naver.com/marcella0401,20250120,"이 메이크업을 특별하게 만들어주는 여정을 바비 브라운과 서옥쌤과 함께했답니다 ! 특히 립 메이크업... 무스 메이크업에 딱인데요 ㅎㅎ! 립 베이스로 사용하기에도 좋고, 단독 사용하기에도 그윽한 분위기가... ",0,24,24
립 메이크업,"여름뮤트 특징 연예인 옷 &amp; 코디, 라그시 립, 메이크업 총정리!",https://blog.naver.com/kiddy28/223397668178,녜지니 뷰티패션일기장,blog.naver.com/kiddy28,20240328,"김고은님보다 느낌 살리는 분 못봤음.ㅋㅋ 여름뮤트 라그시 립 &amp; 메이크업추천 뮤트 컬러 립은... 이렇게 해서 여름뮤트 연예인들의 특징과 어울리는 코디, 립 메이크업까지 자세히 말씀드렸는데요! 시원한... ",0,2,2
립 메이크업,"올영추천템 오아드 립티크 어프어프 에디션, 바캉스 립메이크업... ",https://blog.naver.com/nj6123/223969557451,뽀미의 소소한 블로그,blog.naver.com/nj6123,20250813,"사용 전에 입술에 유분기가 없이 잘 말린 후에 사용하고, 바르고도 충분히 말린 후에 떼어주시면 진짜 24시간도 가능할 것 같아요! 올해 바캉스 립메이크업은 오아드 립티크로 완성해보세요~~~ &amp;",0,0,0
립 메이크업,민낯에도 메이크업에도 예쁜 클라랑스립오일 4호 피타야... ,https://blog.naver.com/lookatminong/223828494202,미농 뷰티풀라이프,blog.naver.com/lookatminong,20250410,"민낯에도 잘어울리고, 메이크업과도 잘어울리는 딱 자연스러운 핑크! 낮에는 자연스러운 립 메이크업으로 밤에는 립 슬리핑 마스크처럼 사용해기도 좋아요~ 여리여리 자연스러운 핑크컬러라 너무 예쁜... ",0,3,3
립 메이크업,블랙핑크 월드투어 콘서트 데드라인 지수 메이크업 정보 (디올... ,https://blog.naver.com/eunryori_/223929161638,은료리 블로그,blog.naver.com/eunryori_,20250710,"공개한 메이크업 룩은 팬들 사이에서 주목을 받았답니다~ 인스타그램에 올린 백스테이지 비하인드... 립 케어, 컬러, 광채를 하나에 다 담은 제품이라 립 메이크업 한 방에 끝내고 싶은 날 완전... ",0,2,2
립 메이크업,GLYF 틴트 추천 전소미 립글로스 글루 글로스 간편 메이크업... ,https://blog.naver.com/ltellmel/223943046222,히슈의 홀리데이♩,blog.naver.com/ltellmel,20250722,"그리고 꿀팁으로 더 선명한 립 메이크업을 원할 경우 컬러감 있는 립 제품을 먼저 발라주어도 되며, 메이크업 마지막 단계에서 스쿱팁으로 덮어주듯 발라주면 더 극대화된 광택을 연출할 수 있으니... ",0,7,7
립 메이크업,팔레트 립펜슬 볼터치 블러쉬 하이라이터 립틴트 블러셔 메이크업,https://blog.naver.com/lzheng/223945188148,스탠딩굿즈,blog.naver.com/lzheng,20250724,"속촉 &amp; 겉쫀 수분핏으로 메이크업 밀착력을 올려줘요. 김나영 파운데이션 에스티로더 퓨처리스트... 오버립 메이크업이에요. 김나영 립펜슬 보러가기 피부톤, 입술톤에 따라 내추럴 오버립 연출을 해요.... ",0,0,0
립 메이크업,비기닝 본식 신랑 립 메이크업 후기,https://blog.naver.com/onthewaytohappiness/223966862838,꿀벌일지,blog.naver.com/onthewaytohappiness,20250813,"저희 남편도 마찬가지로, 본래 입술 색을 최대한 살리면서 살짝 생기만 더해주는 방향으로 메이크업... 신랑분들이라고 해서 립 메이크업 아예 받지 않는거보단, 립밤이나 무채색 계열의 립 제품을 발라서... ",0,1,1
립 메이크업,센슈얼 립글로우 다이애나&amp;펠리시아&amp;이사벨라 봄메이크업 필수,https://blog.naver.com/yangeunb/223777637759,은비의 블로썸 뷰티 & 패션✨,blog.naver.com/yangeunb,20250301,센슈얼 립 글로우 #이사벨라 로 완성해본 메이크업인데요 봄 메이크업에 딱 어울리는 화사하고... 있는 립 메이크업을 완성하고 싶다면 추천하고 싶은 립이에요! 펠리시아 따뜻하면서도 포근한 느낌의 로지... ,0,5,5
립 메이크업,"[메이크업]히엘 &quot;립,볼터치&quot; 촬영메이크업",https://blog.naver.com/ryoosom93/223969718322,DaG0Mi 블로그,blog.naver.com/ryoosom93,20250816,아이메이크업 다음으로 중요한 립 메이크업!! 립이 안어울리는 색이 올라가면 입술만 동동... 베이스메이크업할때 연하게 발라주셨던 립 위로 저한테 찰떡같이 어울리는 약간 진하지도않지만 그렇다고 너무... ,0,0,0
립 메이크업,톰포드 립스틱 &amp; 립오일로 봄 웜톤 메이크업,https://blog.naver.com/hani5080/223714175620,뷰티블로거 하니씨,blog.naver.com/hani5080,20250104,나 기초화장품 전문 뷰티 블로거인데 요즘 어쩌다 보니 메이크업만 하고 있네요? 화장하는 거 엄청... 좋네요~ 립 메이크업은 웨스트코스트도 충분히 촉촉하지만 립스틱 위에 로즈 립 오일 틴트를 덧발라서... ,0,10,10
립 메이크업,블러립으로 뽀얘보이는 봄 웜톤 메이크업,https://blog.naver.com/sunkjydbgn/223684647489,제이와이 뷰티♥,blog.naver.com/sunkjydbgn,20241206,블러립 메이크업 페리페라 슬립 온 마이 립 M01 오버더문 요즘 블러리 메이크업의 포인트는 블러한듯 확장되면서 경계가 뚜렷하지 않은 블러립인 것 같아요 - 먼저 내 입술색보다 살짝 핑크톤이 가미된 핑크살구... ,0,2,2
립 메이크업,올리브영 투크 립펜슬 발색 스머징 오버립 메이크업 내돈내산... ,https://blog.naver.com/jetchoi/223889203102,❤️슈이니뷰티❤️,blog.naver.com/jetchoi,20250605,"데일리 립 펜슬로 딱! 05 유우 UWOO 좌)유우 풀립 / 우) 포인트 베네피트 차차틴트 투크 유우는 핑크피치컬러로 생기 주면서 착색 커버하기 좋아요. 뽀용한 살구 핑크로 얼굴 핑크, 피치, 코랄 메이크업 자주... ",0,7,7
립 메이크업,메이크업포에버 신제품... 하이라이터 / 아이 올인원 메이크업,https://blog.naver.com/asolution999/223908600157,■문뽕의 패션뷰티■,blog.naver.com/asolution999,20250623,"때, 립, 블러셔, 쉐딩, 하이라이터까지 따로따로 챙기기엔 너무 번거롭고 시간도 오래 걸린다는... 간편하게 메이크업 끝낼 수 있는 립 메이크업, 블러셔, 하이라이터 고민되셨던 분들이라면 이번 기회에... ",0,2,2
립 메이크업,"청하 메이크업 정보 공유! (토니모리 베이비피치, 시드물... ",https://blog.naver.com/xelloss_2/223765738838,스킨케어 전문 뷰티 블로거 모찌,blog.naver.com/xelloss_2,20250219,"특히 인상 깊게 본 부분은 바로 아이 메이크업과 볼터치, 그리고 립 정보였는데요. 요번에 청하... ㅋㅋ 건강한 생기를 더해주는 시드물 호호바 립에센스 13mg, 3천원 대 립 메이크업에 함께 사용한 제품은 바로 요... ",0,2,2
립 메이크업,호불로 심하게 갈린다는 요즘 아이돌 오버립 메이크업 모음,https://blog.naver.com/kiddy28/223564478032,녜지니 뷰티패션일기장,blog.naver.com/kiddy28,20240829,오버립 메이크업 뜻은 본래 자신의 입술보다 더 넓은 영역에 립 제품을 발라 얇은 입술을 플럼핑 돼 보이게 만드는 것을 의미하거든요. 투머치하다는 의견이 지배적이었던 에스파 윈터의 메이크업인데요. 요... ,0,2,2
립 메이크업,에크멀 논섹션 립라이너 립펜슬 02 03 04 비교 오버립메이크업,https://blog.naver.com/banbanmoo_cos/223974593806,반이상 코스메틱 리뷰,blog.naver.com/banbanmoo_cos,20250818,저는 요 컬러로 인중골 사이를 채우고 립 라인보다 살짝 위까지 오버립을 해줘요. 우연인지 진짜 제 입술색이랑 똑같아서 오버립 메이크업이 아니라 입술 자체가 확장된 느낌이 들더라구요  이번에는 대충... ,0,2,2
립 메이크업,여름 필수! 다이소 립 타투 스티커 메이크업 후기,https://blog.naver.com/kpk3332003/223961334611,초공이,blog.naver.com/kpk3332003,20250806,오늘의 포스팅은 여름에 핫한 메이크업 아이템이죠 립 타투 후기를 가지고 왔는데요 무더운 여름은... 핑크 립 타투 하고 굉장히 연한 컬러에 라일락 립글로스로 발라 줬는데 요즘 최애픽 립 메이크업이에요... ,0,3,3
립 메이크업,#7 토탈샵 봉스튜디오 촬영 메이크업_신부 립 메이크업,https://blog.naver.com/kyunghee2742/223957540475,경룽이의 해삐한 세상살이,blog.naver.com/kyunghee2742,20250803,토탈샵 봉스튜디오 촬영 메이크업 : 신부 아이&amp;브로우 메이크업 따뜻한 5월 예랑이와 함께 하남에 있는 봉스튜디오에서 웨딩촬영을 하고 왔어요! 봉스튜디오는 토탈샵이라 헤어와 메이크업 모두 스튜디오 내에서... ,0,3,3
립 메이크업,"투에이엔 올영추천 봄메이크업에 어울리는 립제품, '글레이즈... ",https://blog.naver.com/kus4242/223838488196,투잡러 성연쓰의 일상 및 후기 BLOG,blog.naver.com/kus4242,20250418,봄메이크업에 어울리는 립제품을 사용하려고 하는데요~ 이번에 올리브영에 새로 입점한 브랜드인... 오버립메이크업 하시는 분들에게는 글레이즈바운싱틴트의 마일드한 플럼핑효과가 만족스러우실거에요... ,0,7,7
립 메이크업,노노어 립펜슬 올리브영세일 느좋 오버립메이크업 이거다,https://blog.naver.com/ujooha/223686842215,자유롭게 써지는 뷰티 다이어리,blog.naver.com/ujooha,20241208,오버립메이크업 연출할때 립펜슬을 추천하는 이유 바르고 안바르고 차이가 워낙 극명해요 전 립라인이... 오버립 메이크업으로 제격인듯 합니다 101호 코트어스터치 / 102호 실루엣샌드 입꼬리를 표현하기 좋은... ,0,2,2
립 메이크업,[립오일추천] 클라랑스 립컴포트오일 피타야 : 꾸안꾸메이크업... ,https://blog.naver.com/iroone/223868679323,이루네 블로그,blog.naver.com/iroone,20250517,"낮에는 자연스러운 메이크업에 활용하고, 밤에는 립 슬리핑 마스크로 활용 가능. 립오일추천 키워드로... 우선 단순히 색만 입히는 립 메이크업이 아니라, 입술을 스킨케어처럼 관리해 주는 립케어 아이템으로... ",0,0,0
립 메이크업,코링코 토핑 팁 글로우 립플럼퍼 글로시 립 메이크업 완성,https://blog.naver.com/tndls9263/223957468068,김순 뷰티로그,blog.naver.com/tndls9263,20250803,꿀조합 립 메이크업 G01 + G05 립에 직접 사용해주며 글로시립 메이크업을 보여드리도록 할게요. 우선은 G01 트윙클 그레이프 컬러를 이용해 립 전체에 통통한 플럼핑과 베이스 색상을 더해줍니다. 실버펄이... ,0,1,1
립 메이크업,"덥다, 그리고 누드립 메이크업 위시",https://blog.naver.com/hahaha_jw/223913172586,zw,blog.naver.com/hahaha_jw,20250627,"아무래도 힙합 댄서들 메이크업은 이런 음영화장에 누드립, 춘장립 많은데 자꾸 끌림.. 사실 누드... 춘장립 메이크업? 다시 좀있다가 찾아봐야지 아무튼 유투버님이 추천해주신 섀도우는 에뛰드였는데 단독... ",0,7,7
립 메이크업,[메이크업_밈] 8 신부 메이크업 립 &amp; 치크,https://blog.naver.com/yeonwoo6520/223648572890,정또석님의블로그,blog.naver.com/yeonwoo6520,20241106,제가 색조 메이크업 중에 가장 즐거워? 하는 부분이 립 앤 치크입니다. ^_^ 화장을 잘 하지 못 하는 저에게 '나 화장했어~' 하고 티 내기 손 쉬운 부분이 립 메이크업과 볼터치이거든요 . 제가 가져간 샘플 사진과... ,0,0,0
립 메이크업,"가우디웨딩/꼼나나브라이드 수원점, 본식 신부 립 메이크업",https://blog.naver.com/cotton_log324/223969341386,cotton_log,blog.naver.com/cotton_log324,20250813,본격적으로 가우디웨딩 꼼나나브라이드 수원점 본식 신부 립 메이크업 소개해드릴게요:) 가우디웨딩... 원장님께서 제 얼굴 분위기와 메이크업 톤에 맞춰 저에게 잘 어울릴 립 컬러를 직접 제안해주셨는데요... ,0,1,1
립 메이크업,"틴트, 립밤 차이점 총정리입술 상태에 맞는 립 메이크업 꿀팁!",https://blog.naver.com/youha_day/223929700811,유하로운 뷰티생활,blog.naver.com/youha_day,20250714,립 제품의 대표적인 제형 종류 1.  립스틱 가장 클래식하고 많은 사람들이 익숙한 립 메이크업... 글로시 립스틱 : 윤기감이 강조되어 촉촉하고 투명한 립 표현에 적합. 생기 있는 메이크업에 좋아요.  TIP... ,0,0,0
립 메이크업,립플럼퍼 플럼핑 립글로스 물먹탱글립 여름 데일리 메이크업,https://blog.naver.com/doublesholdings/223975582387,뷰티 패션에 진심인 뷰리진,blog.naver.com/doublesholdings,20250819,플럼핑 립글로스이지만 발색이 잘되는 편이라 요고 하나만 발라도 얼굴에 혈색을 살려주고 생기있게 립메이크업을 할 수 있답니다. ㅎㅎ 물먹탱글립 여름 데일리 메이크업 사용법 입술이 더욱 도톰하고... ,0,3,3
립 메이크업,샵한현재 멜팅 컬러립밤 추천 신슬기 광택 립메이크업,https://blog.naver.com/jina0079/223899873848,DORI BUBU,blog.naver.com/jina0079,20250615,날씨엔 립메이크업할 때 보습과 컬러를 동시에 챙기는 게 정말 중요하잖아요? 그래서 오늘은 메이크업... 있는 립 제품을 원하는 분 -각질 부각 없이 광택감 있는 립메이크업을 완성하고 싶은 분 저는 웜톤인데... ,0,0,0
립 메이크업,다이소였다? 가성비 미쳐버린 3천 원으로 끝내는 립 메이크업,https://blog.naver.com/jsjjsj8/223974891348,마이떤 뷰티로그✨,blog.naver.com/jsjjsj8,20250818,벚꽃메이크업이랑 함께 하면 정말 어울릴 것 같았어요 2호 허니피치 이건 그냥 무조건 웜톤... 화장품이지만 가격대비 정말 훌륭한 제품력으로 가성비 립 메이크업해보고 싶은 분들이라면 다이소도 달려가보세요!,0,3,3
립 메이크업,립 쉐이퍼 LIQUID LIP SHAPER /고혹적이고 섹시한 메이크업,https://blog.naver.com/yes5yesyes/223890516500,Soda Heights,blog.naver.com/yes5yesyes,20250606,립케어와 립메이크업의 기능을 한 번에 즐길 수 있는 고농축 립 케어 제품이에요. Girl Boss 걸 보스... 강추템으로 메이크업에 변화를 주고 싶다면 꼭 한번 사용해 보세요. 정말 최고입니다. 브랜드로부터제품... ,0,0,0
립 메이크업,힌스 신상 로즈프레소 컬렉션으로 데일리메이크업(MLBB... ,https://blog.naver.com/yangeunb/223954727403,은비의 블로썸 뷰티 & 패션✨,blog.naver.com/yangeunb,20250801,차분한 립 메이크업을 완성할 수 있답니다 광채가 너무 예쁘죠 ? ㅎㅎ 텁텁하지 않은 맑은 광감으로... 오버 립 펜슬 로즈 프레소 증정 차분하고 고급스러운 가을 데일리 메이크업을 위한 힌스 신상들... ,0,7,7
립 메이크업,무신사 뷰티 립글로스 추천!글피오 립플럼퍼로 볼륨립 메이크업,https://blog.naver.com/hani5080/223731998517,뷰티블로거 하니씨,blog.naver.com/hani5080,20250120,쌩얼 메이크업에도 예쁘게 사용하기 좋답니다. 오늘 소개한 제품은 무신사 뷰티 입점 프로모션으로... 증정 매력적인 볼륨립 연출해 주는 글피오 핑크페퍼 립 플럼퍼로 촉촉한 탱글 립 메이크업 완성해 보세요~ &gt;,0,12,12
립 메이크업,립 라이너 / 애교살 / 아이 메이크업 멀티 펜슬 추천,https://blog.naver.com/asolution999/223836552419,■문뽕의 패션뷰티■,blog.naver.com/asolution999,20250417,볼륨감 넘치는 트렌디한 립 글로스로 아티스트 컬러 펜슬과 함께 사용하면 립 메이크업 시너지를 경험할 수 있어요 :) 메이크업포에버 아티스트 컬러 펜슬 3가지 #602 #606 #808 풀립으로 바른 뒤 그 위에 수퍼... ,0,4,4
