title,link,blogger,postdate,likes,comments,engagement
티르티르 [TIRTIR] 마스크 핏 아우라 쿠션 미니 17씨 포슬린,https://blog.naver.com/spaceoutgina/223976325657,오늘도지나가요,20250819,0,0,0
[내돈내산] 롬앤 블러 퍼지 틴트 모비쉬 구매 <b>후기</b>!(+비교 발색... ,https://blog.naver.com/jwmzz/223976303496,Happy Day ʕ • ﻌ • ʔ,20250819,0,0,0
"꿈을 담은 시간, 마크라메 자개 드림캐쳐 원데이 클래스 <b>후기</b>",https://blog.naver.com/soso-jeju/223976300344,언제나 소소 공예 공방,20250819,0,0,0
나 혼자 떠난 치앙마이 (1),https://blog.naver.com/kiara0206/223976299593,seoyeon,20250819,0,0,0
두피스케일링면봉 추천 - 젤쿠르 왕면봉 솔직<b>후기</b>,https://blog.naver.com/stella0518/223976298627,신디 in SEOUL✨,20250819,0,0,0
핀 말린 장미 한 송이 맥 텐더 토크 립밤 인트로버트 솔직 <b>후기</b>,https://blog.naver.com/hangugoppa/223976295777,Hangug Oppa,20250819,0,0,0
셀린느 룰루백 블랙 수지 가방 구매 <b>후기</b> 착샷 이너백 추천,https://blog.naver.com/contedeparis/223976293941,All about chic,20250819,0,0,0
연인에게 가장 많이 하는 거짓말 TOP10,https://blog.naver.com/bella180225/223972988461,LiFlower,20250819,0,0,0
"친오빠 결혼식 <b>후기</b> (여동생 옷, 할 일, 메이크업, 축의금... ",https://blog.naver.com/luvcells/223976275704,채씌,20250819,0,0,0
"[ELCA(엘카), 패밀리세일] 화장품 임직원 입장코드 최대 70... ",https://blog.naver.com/illddan/223976229823,"한번 사는 인생, 일단 다양한 생각과 경험을 해보자",20250819,0,0,0
[부이부이 리벳 월렛] 수납력 좋은 내돈내산 미니백 vui vui... ,https://blog.naver.com/aldud0314/223976226908,유니와 함께하는 일상♡,20250819,0,0,0
일본 직구사이트 추천 리틀재팬 <b>후기</b>,https://blog.naver.com/soeunjang0930/223976222240,happy 쇼닝,20250819,0,0,0
전소미 픽! “글맆 글루 글로스” 솔직 내돈내산 <b>후기</b>,https://blog.naver.com/belneyii/223976203925,취향의 순간,20250819,0,0,0
웨딩 전 퍼스널 컬러 재진단만 6번 후 정착 <b>후기</b>,https://blog.naver.com/thebitnar/223976201887,빛나래,20250819,0,0,0
헤르페스 1형 증상 원인과 재발 방지 영양제 성분 효능,https://blog.naver.com/gwf21/223976190159,❤️MIN’s 의 다락방❤️,20250819,0,0,0
손흥민 선수와 인연인가봅니다./다대포에 휩쓸려 허리를... ,https://blog.naver.com/dlaalswl2820/223976180941,밍딩뗑 블로그,20250819,0,0,0
내돈내산 정샘물 토리든 포레오 샤넬 달바 웨이크메이크 구달... ,https://blog.naver.com/regina4027/223976164854,♡ 마샤와 권's daily blog ♡,20250819,0,0,0
성북구 반영구 입술  잘하는 곳!  10년 경력 전문가 추천 컬러,https://blog.naver.com/homn12/223976156952,눈썰미,20250819,0,0,0
립글로스 추천 립플럼퍼 플럼핑 제대로인 코링코 팁 글로우 <b>후기</b>,https://blog.naver.com/heyjoinn/223975313334,헤이조인의 꼼꼼한 뷰티노트⋆˚,20250819,0,0,0
"루이비통 포쉐트 악세수아르, 가장 사랑받는 미니백",https://blog.naver.com/hye5068/223976150532,작은 명품이야기,20250819,0,0,0
"강남입술문신, 다크립개선과 오버립 디자인 탈각 <b>후기</b>",https://blog.naver.com/bit151315/223976066921,"예뻐지는 비결,뷰티후기",20250819,0,0,0
[NCT] 마크x에스쁘아 베어 글로우 립밤,https://blog.naver.com/dallaslovefield_d0/223976132315,Regular,20250819,0,0,0
강남퍼스널컬러 내돈내산 <b>후기</b> 3가지만 확인하세요,https://blog.naver.com/sure-me/223976125583,sure-me,20250819,0,0,0
"올영 세일, 1+1행사 필수템 쟁여둔 날 8월 28일까지래오.... ",https://blog.naver.com/moment25_/223976105237,ღ,20250819,0,0,0
"7월 화장품구매 (브랙3,비오브,질스튜어트,켄메이크,페리페라 등)",https://blog.naver.com/ari8318/223976079134,재인 I J A E I N ღ,20250819,0,0,0
케이트 립몬스터 11종 발색 ㅣ <b>후기</b>,https://blog.naver.com/shinnand_/223976078128,"뷰티,맛집,기록",20250819,0,0,0
맥시멀 매트 <b>립스틱</b> &amp; 파우더 키스 <b>립스틱</b> &amp; 립글라스에어 추천,https://blog.naver.com/ik0726/223976070912,민슨의 뷰티 tmi,20250819,0,0,0
"남자 클러치백 추천, 구찌 수프림 오피디아 스몰 파우치 <b>후기</b>!",https://blog.naver.com/toggeng-/223976016972,우지 패션 블로그,20250819,0,0,0
DHC클렌징오일과 비교한 AHCBiVITA13 깊은 클렌징 솔직<b>후기</b>,https://blog.naver.com/lhyking8317/223976001668,연이,20250819,0,0,0
살 사람 손✋| 셀린느 미니 베사체 지그재그 래플 당첨 <b>후기</b>,https://blog.naver.com/ssupeach/223975992932,SUSULOG,20250819,0,0,0
달바 CEO 갓생클렌저 하나로 이중세안 없이 딥클렌징해요.,https://blog.naver.com/ssamtha/223975991259,앵초의 일상뷰티패션일지,20250819,0,0,0
블랙헤드·화이트헤드 모공청소! PHA &amp; BHA 클렌징 오일 만들기,https://blog.naver.com/dream3004200/223975951529,오드리팩토리 - 천연사랑,20250819,0,0,0
"#몽골: 아시아나 이코노미 몽골, 인천행 기내식 <b>후기</b>",https://blog.naver.com/j_jiny_y/223975984955,유징 기록 공간 :),20250819,0,0,0
요즘 산 것들_셀프케어템(쥬베라진동클렌저/ 발란스핏슬림벨트... ,https://blog.naver.com/hieuns-/223975981574,일상의 순간 :),20250819,0,0,0
보이드바이박철 메이크업룸✨,https://blog.naver.com/yudi_saving/223975922487,유디의 얼렁뚱땅 결혼준비,20250819,0,0,0
8월은 계곡에 바칩니다,https://blog.naver.com/jennyh_/223975897066,Jennylogin,20250819,0,0,0
노원본점 서민갑부 매운등갈비찜 뽑기이벤트 2등 당첨 <b>후기</b>,https://blog.naver.com/jshee199544/223975886576,♥️맛집/뷰티/여행/데이트♥️,20250819,0,0,0
친구가 써줬음하는데 친구들이 블로그를 안해서 내가 하는 문답.,https://blog.naver.com/alswjddl422/223975879938,IL 71,20250819,0,0,0
https://blog.naver.com/0_for/223975878634,https://blog.naver.com/0_for/223975878634,as always,20250819,0,0,0
❤️ 6/23 ~ 6/29일 나의 일상 기록 ❤️,https://blog.naver.com/hani102402/223975867844,다이어트안하니,20250819,0,0,0
용산구 한남동 위스키바 화장실 역류 배수구 하수구 막힘 해결,https://blog.naver.com/gghasugu/223975828118,.,20250819,0,0,0
"샤넬 <b>립스틱</b> 추천, 루쥬 코코 블룸 118 쿨톤 웜톤 다 예쁜 착붙템",https://blog.naver.com/little_som/223975785322,리틀솜의 패션 뷰티,20250819,0,0,0
이스타항공 체크인 좌석간격 평균지연시간 ZE561 ZE562... ,https://blog.naver.com/mkmirror/223975772331,Have a great day☆,20250819,0,0,0
카카오톡 선물로 받은 뷰티템,https://blog.naver.com/ohr9908/223975761260,리코먼트,20250819,0,0,0
ZARA에서 난리난 갓성비 명품st 저렴이 가방 BEST 5,https://blog.naver.com/nottlog/223975756301,$tyle Check—*,20250819,0,0,0
이사배도 반한 자연 유래 클렌징 오일 추천,https://blog.naver.com/prime8317/223975726934,깜이의 블로그,20250819,0,0,0
바르기만 하면 혈색 UP! 여돌들이 포기못한 필수템,https://blog.naver.com/neomaoho/223975717280,네오마오호님의 블로그,20250819,0,0,0
부산 입술문신 생기있고 촉촉한 입술 탄생 !,https://blog.naver.com/appel1223/223975693465,제이민브로우,20250819,0,0,0
[논현] 강남 의류누끼 프리미엄! 논현동 스튜디오 위치 &amp; 전문가... ,https://blog.naver.com/automaticstudio/223975510787,오토매틱 스튜디오 Powered by Profoto,20250819,0,0,0
알렉산더왕 리코 레더 미니 크로스백 블랙 <b>후기</b> / 리뷰,https://blog.naver.com/hyebin517/223975665067,천국은 영어로 혜빈,20250819,0,0,0
